device_time_stamp,system_time_stamp,left_gaze_point_on_display_area,left_gaze_point_in_user_coordinate_system,left_gaze_point_validity,left_pupil_diameter,left_pupil_validity,left_gaze_origin_in_user_coordinate_system,left_gaze_origin_validity,right_gaze_point_on_display_area,right_gaze_point_in_user_coordinate_system,right_gaze_point_validity,right_pupil_diameter,right_pupil_validity,right_gaze_origin_in_user_coordinate_system,right_gaze_origin_validity
849730231,818400193910,"(nan, nan)","(nan, nan, nan)",0,nan,0,"(nan, nan, nan)",0,"(nan, nan)","(nan, nan, nan)",0,nan,0,"(nan, nan, nan)",0
849746871,818400210550,"(nan, nan)","(nan, nan, nan)",0,nan,0,"(nan, nan, nan)",0,"(nan, nan)","(nan, nan, nan)",0,nan,0,"(nan, nan, nan)",0
849762565,818400226244,"(nan, nan)","(nan, nan, nan)",0,nan,0,"(nan, nan, nan)",0,"(nan, nan)","(nan, nan, nan)",0,nan,0,"(nan, nan, nan)",0
849780151,818400243831,"(nan, nan)","(nan, nan, nan)",0,nan,0,"(nan, nan, nan)",0,"(nan, nan)","(nan, nan, nan)",0,nan,0,"(nan, nan, nan)",0
849796791,818400260471,"(nan, nan)","(nan, nan, nan)",0,nan,0,"(nan, nan, nan)",0,"(nan, nan)","(nan, nan, nan)",0,nan,0,"(nan, nan, nan)",0
849812485,818400276165,"(nan, nan)","(nan, nan, nan)",0,nan,0,"(nan, nan, nan)",0,"(nan, nan)","(nan, nan, nan)",0,nan,0,"(nan, nan, nan)",0
849830071,818400293751,"(nan, nan)","(nan, nan, nan)",0,nan,0,"(nan, nan, nan)",0,"(nan, nan)","(nan, nan, nan)",0,nan,0,"(nan, nan, nan)",0
849846711,818400310392,"(nan, nan)","(nan, nan, nan)",0,nan,0,"(nan, nan, nan)",0,"(nan, nan)","(nan, nan, nan)",0,nan,0,"(nan, nan, nan)",0
849862405,818400326086,"(nan, nan)","(nan, nan, nan)",0,nan,0,"(nan, nan, nan)",0,"(nan, nan)","(nan, nan, nan)",0,nan,0,"(nan, nan, nan)",0
849879991,818400343672,"(nan, nan)","(nan, nan, nan)",0,nan,0,"(nan, nan, nan)",0,"(nan, nan)","(nan, nan, nan)",0,nan,0,"(nan, nan, nan)",0
849896631,818400360313,"(nan, nan)","(nan, nan, nan)",0,nan,0,"(nan, nan, nan)",0,"(nan, nan)","(nan, nan, nan)",0,nan,0,"(nan, nan, nan)",0
849912325,818400376007,"(nan, nan)","(nan, nan, nan)",0,nan,0,"(nan, nan, nan)",0,"(nan, nan)","(nan, nan, nan)",0,nan,0,"(nan, nan, nan)",0
849929911,818400393593,"(nan, nan)","(nan, nan, nan)",0,nan,0,"(nan, nan, nan)",0,"(nan, nan)","(nan, nan, nan)",0,nan,0,"(nan, nan, nan)",0
849946551,818400410233,"(nan, nan)","(nan, nan, nan)",0,nan,0,"(nan, nan, nan)",0,"(nan, nan)","(nan, nan, nan)",0,nan,0,"(nan, nan, nan)",0
849962245,818400425928,"(nan, nan)","(nan, nan, nan)",0,nan,0,"(nan, nan, nan)",0,"(nan, nan)","(nan, nan, nan)",0,nan,0,"(nan, nan, nan)",0
849979831,818400443513,"(nan, nan)","(nan, nan, nan)",0,nan,0,"(nan, nan, nan)",0,"(nan, nan)","(nan, nan, nan)",0,nan,0,"(nan, nan, nan)",0
849996471,818400460153,"(nan, nan)","(nan, nan, nan)",0,nan,0,"(nan, nan, nan)",0,"(nan, nan)","(nan, nan, nan)",0,nan,0,"(nan, nan, nan)",0
850012165,818400475848,"(nan, nan)","(nan, nan, nan)",0,nan,0,"(nan, nan, nan)",0,"(nan, nan)","(nan, nan, nan)",0,nan,0,"(nan, nan, nan)",0
850029751,818400493434,"(nan, nan)","(nan, nan, nan)",0,nan,0,"(nan, nan, nan)",0,"(nan, nan)","(nan, nan, nan)",0,nan,0,"(nan, nan, nan)",0
850046391,818400510074,"(nan, nan)","(nan, nan, nan)",0,nan,0,"(nan, nan, nan)",0,"(nan, nan)","(nan, nan, nan)",0,nan,0,"(nan, nan, nan)",0
850062085,818400525769,"(nan, nan)","(nan, nan, nan)",0,nan,0,"(nan, nan, nan)",0,"(nan, nan)","(nan, nan, nan)",0,nan,0,"(nan, nan, nan)",0
850079671,818400543355,"(nan, nan)","(nan, nan, nan)",0,nan,0,"(nan, nan, nan)",0,"(nan, nan)","(nan, nan, nan)",0,nan,0,"(nan, nan, nan)",0
850096311,818400559995,"(nan, nan)","(nan, nan, nan)",0,nan,0,"(nan, nan, nan)",0,"(nan, nan)","(nan, nan, nan)",0,nan,0,"(nan, nan, nan)",0
850112005,818400575689,"(nan, nan)","(nan, nan, nan)",0,nan,0,"(nan, nan, nan)",0,"(nan, nan)","(nan, nan, nan)",0,nan,0,"(nan, nan, nan)",0
850129591,818400593276,"(nan, nan)","(nan, nan, nan)",0,nan,0,"(nan, nan, nan)",0,"(nan, nan)","(nan, nan, nan)",0,nan,0,"(nan, nan, nan)",0
850146231,818400609916,"(nan, nan)","(nan, nan, nan)",0,nan,0,"(nan, nan, nan)",0,"(nan, nan)","(nan, nan, nan)",0,nan,0,"(nan, nan, nan)",0
850161925,818400625610,"(nan, nan)","(nan, nan, nan)",0,nan,0,"(nan, nan, nan)",0,"(nan, nan)","(nan, nan, nan)",0,nan,0,"(nan, nan, nan)",0
850179511,818400643197,"(nan, nan)","(nan, nan, nan)",0,nan,0,"(nan, nan, nan)",0,"(nan, nan)","(nan, nan, nan)",0,nan,0,"(nan, nan, nan)",0
850196151,818400659837,"(nan, nan)","(nan, nan, nan)",0,nan,0,"(nan, nan, nan)",0,"(nan, nan)","(nan, nan, nan)",0,nan,0,"(nan, nan, nan)",0
850211845,818400675531,"(nan, nan)","(nan, nan, nan)",0,nan,0,"(nan, nan, nan)",0,"(nan, nan)","(nan, nan, nan)",0,nan,0,"(nan, nan, nan)",0
850229431,818400693117,"(nan, nan)","(nan, nan, nan)",0,nan,0,"(nan, nan, nan)",0,"(nan, nan)","(nan, nan, nan)",0,nan,0,"(nan, nan, nan)",0
850246071,818400709757,"(nan, nan)","(nan, nan, nan)",0,nan,0,"(nan, nan, nan)",0,"(nan, nan)","(nan, nan, nan)",0,nan,0,"(nan, nan, nan)",0
850261765,818400725452,"(nan, nan)","(nan, nan, nan)",0,nan,0,"(nan, nan, nan)",0,"(nan, nan)","(nan, nan, nan)",0,nan,0,"(nan, nan, nan)",0
850279351,818400743038,"(nan, nan)","(nan, nan, nan)",0,nan,0,"(nan, nan, nan)",0,"(nan, nan)","(nan, nan, nan)",0,nan,0,"(nan, nan, nan)",0
850295991,818400759678,"(nan, nan)","(nan, nan, nan)",0,nan,0,"(nan, nan, nan)",0,"(nan, nan)","(nan, nan, nan)",0,nan,0,"(nan, nan, nan)",0
850311685,818400775373,"(nan, nan)","(nan, nan, nan)",0,nan,0,"(nan, nan, nan)",0,"(nan, nan)","(nan, nan, nan)",0,nan,0,"(nan, nan, nan)",0
850329271,818400792959,"(nan, nan)","(nan, nan, nan)",0,nan,0,"(nan, nan, nan)",0,"(nan, nan)","(nan, nan, nan)",0,nan,0,"(nan, nan, nan)",0
850345911,818400809599,"(nan, nan)","(nan, nan, nan)",0,nan,0,"(nan, nan, nan)",0,"(nan, nan)","(nan, nan, nan)",0,nan,0,"(nan, nan, nan)",0
850361599,818400825287,"(nan, nan)","(nan, nan, nan)",0,nan,0,"(nan, nan, nan)",0,"(nan, nan)","(nan, nan, nan)",0,nan,0,"(nan, nan, nan)",0
850379191,818400842880,"(nan, nan)","(nan, nan, nan)",0,nan,0,"(nan, nan, nan)",0,"(nan, nan)","(nan, nan, nan)",0,nan,0,"(nan, nan, nan)",0
850395831,818400859520,"(nan, nan)","(nan, nan, nan)",0,nan,0,"(nan, nan, nan)",0,"(nan, nan)","(nan, nan, nan)",0,nan,0,"(nan, nan, nan)",0
850411519,818400875208,"(nan, nan)","(nan, nan, nan)",0,nan,0,"(nan, nan, nan)",0,"(nan, nan)","(nan, nan, nan)",0,nan,0,"(nan, nan, nan)",0
850429111,818400892800,"(nan, nan)","(nan, nan, nan)",0,nan,0,"(nan, nan, nan)",0,"(nan, nan)","(nan, nan, nan)",0,nan,0,"(nan, nan, nan)",0
850445751,818400909440,"(nan, nan)","(nan, nan, nan)",0,nan,0,"(nan, nan, nan)",0,"(nan, nan)","(nan, nan, nan)",0,nan,0,"(nan, nan, nan)",0
850461439,818400925128,"(nan, nan)","(nan, nan, nan)",0,nan,0,"(nan, nan, nan)",0,"(nan, nan)","(nan, nan, nan)",0,nan,0,"(nan, nan, nan)",0
850479031,818400942721,"(nan, nan)","(nan, nan, nan)",0,nan,0,"(nan, nan, nan)",0,"(nan, nan)","(nan, nan, nan)",0,nan,0,"(nan, nan, nan)",0
850495671,818400959361,"(nan, nan)","(nan, nan, nan)",0,nan,0,"(nan, nan, nan)",0,"(nan, nan)","(nan, nan, nan)",0,nan,0,"(nan, nan, nan)",0
850511365,818400975055,"(nan, nan)","(nan, nan, nan)",0,nan,0,"(nan, nan, nan)",0,"(nan, nan)","(nan, nan, nan)",0,nan,0,"(nan, nan, nan)",0
850528951,818400992642,"(nan, nan)","(nan, nan, nan)",0,nan,0,"(nan, nan, nan)",0,"(nan, nan)","(nan, nan, nan)",0,nan,0,"(nan, nan, nan)",0
850545591,818401009282,"(nan, nan)","(nan, nan, nan)",0,nan,0,"(nan, nan, nan)",0,"(nan, nan)","(nan, nan, nan)",0,nan,0,"(nan, nan, nan)",0
850561285,818401024976,"(nan, nan)","(nan, nan, nan)",0,nan,0,"(nan, nan, nan)",0,"(nan, nan)","(nan, nan, nan)",0,nan,0,"(nan, nan, nan)",0
850578871,818401042562,"(nan, nan)","(nan, nan, nan)",0,nan,0,"(nan, nan, nan)",0,"(nan, nan)","(nan, nan, nan)",0,nan,0,"(nan, nan, nan)",0
850595511,818401059203,"(nan, nan)","(nan, nan, nan)",0,nan,0,"(nan, nan, nan)",0,"(nan, nan)","(nan, nan, nan)",0,nan,0,"(nan, nan, nan)",0
850611205,818401074897,"(nan, nan)","(nan, nan, nan)",0,nan,0,"(nan, nan, nan)",0,"(nan, nan)","(nan, nan, nan)",0,nan,0,"(nan, nan, nan)",0
850628791,818401092483,"(nan, nan)","(nan, nan, nan)",0,nan,0,"(nan, nan, nan)",0,"(nan, nan)","(nan, nan, nan)",0,nan,0,"(nan, nan, nan)",0
850645431,818401109123,"(nan, nan)","(nan, nan, nan)",0,nan,0,"(nan, nan, nan)",0,"(nan, nan)","(nan, nan, nan)",0,nan,0,"(nan, nan, nan)",0
850661125,818401124817,"(nan, nan)","(nan, nan, nan)",0,nan,0,"(nan, nan, nan)",0,"(nan, nan)","(nan, nan, nan)",0,nan,0,"(nan, nan, nan)",0
850678711,818401142404,"(nan, nan)","(nan, nan, nan)",0,nan,0,"(nan, nan, nan)",0,"(nan, nan)","(nan, nan, nan)",0,nan,0,"(nan, nan, nan)",0
850695351,818401159044,"(nan, nan)","(nan, nan, nan)",0,nan,0,"(nan, nan, nan)",0,"(nan, nan)","(nan, nan, nan)",0,nan,0,"(nan, nan, nan)",0
850711045,818401174738,"(nan, nan)","(nan, nan, nan)",0,nan,0,"(nan, nan, nan)",0,"(nan, nan)","(nan, nan, nan)",0,nan,0,"(nan, nan, nan)",0
850728631,818401192325,"(nan, nan)","(nan, nan, nan)",0,nan,0,"(nan, nan, nan)",0,"(nan, nan)","(nan, nan, nan)",0,nan,0,"(nan, nan, nan)",0
850745271,818401208965,"(nan, nan)","(nan, nan, nan)",0,nan,0,"(nan, nan, nan)",0,"(nan, nan)","(nan, nan, nan)",0,nan,0,"(nan, nan, nan)",0
850760965,818401224659,"(nan, nan)","(nan, nan, nan)",0,nan,0,"(nan, nan, nan)",0,"(nan, nan)","(nan, nan, nan)",0,nan,0,"(nan, nan, nan)",0
850778551,818401242245,"(nan, nan)","(nan, nan, nan)",0,nan,0,"(nan, nan, nan)",0,"(nan, nan)","(nan, nan, nan)",0,nan,0,"(nan, nan, nan)",0
850795191,818401258886,"(nan, nan)","(nan, nan, nan)",0,nan,0,"(nan, nan, nan)",0,"(nan, nan)","(nan, nan, nan)",0,nan,0,"(nan, nan, nan)",0
850810885,818401274580,"(nan, nan)","(nan, nan, nan)",0,nan,0,"(nan, nan, nan)",0,"(nan, nan)","(nan, nan, nan)",0,nan,0,"(nan, nan, nan)",0
850828471,818401292166,"(nan, nan)","(nan, nan, nan)",0,nan,0,"(nan, nan, nan)",0,"(nan, nan)","(nan, nan, nan)",0,nan,0,"(nan, nan, nan)",0
850845111,818401308806,"(nan, nan)","(nan, nan, nan)",0,nan,0,"(nan, nan, nan)",0,"(nan, nan)","(nan, nan, nan)",0,nan,0,"(nan, nan, nan)",0
850860805,818401324501,"(nan, nan)","(nan, nan, nan)",0,nan,0,"(nan, nan, nan)",0,"(nan, nan)","(nan, nan, nan)",0,nan,0,"(nan, nan, nan)",0
850878391,818401342087,"(nan, nan)","(nan, nan, nan)",0,nan,0,"(nan, nan, nan)",0,"(nan, nan)","(nan, nan, nan)",0,nan,0,"(nan, nan, nan)",0
850895031,818401358727,"(nan, nan)","(nan, nan, nan)",0,nan,0,"(nan, nan, nan)",0,"(nan, nan)","(nan, nan, nan)",0,nan,0,"(nan, nan, nan)",0
850910725,818401374421,"(nan, nan)","(nan, nan, nan)",0,nan,0,"(nan, nan, nan)",0,"(nan, nan)","(nan, nan, nan)",0,nan,0,"(nan, nan, nan)",0
850928311,818401392007,"(nan, nan)","(nan, nan, nan)",0,nan,0,"(nan, nan, nan)",0,"(nan, nan)","(nan, nan, nan)",0,nan,0,"(nan, nan, nan)",0
850944951,818401408648,"(nan, nan)","(nan, nan, nan)",0,nan,0,"(nan, nan, nan)",0,"(nan, nan)","(nan, nan, nan)",0,nan,0,"(nan, nan, nan)",0
850960645,818401424342,"(nan, nan)","(nan, nan, nan)",0,nan,0,"(nan, nan, nan)",0,"(nan, nan)","(nan, nan, nan)",0,nan,0,"(nan, nan, nan)",0
850978231,818401441928,"(nan, nan)","(nan, nan, nan)",0,nan,0,"(nan, nan, nan)",0,"(nan, nan)","(nan, nan, nan)",0,nan,0,"(nan, nan, nan)",0
850994871,818401458569,"(nan, nan)","(nan, nan, nan)",0,nan,0,"(nan, nan, nan)",0,"(nan, nan)","(nan, nan, nan)",0,nan,0,"(nan, nan, nan)",0
851010565,818401474263,"(nan, nan)","(nan, nan, nan)",0,nan,0,"(nan, nan, nan)",0,"(nan, nan)","(nan, nan, nan)",0,nan,0,"(nan, nan, nan)",0
851028151,818401491849,"(nan, nan)","(nan, nan, nan)",0,nan,0,"(nan, nan, nan)",0,"(nan, nan)","(nan, nan, nan)",0,nan,0,"(nan, nan, nan)",0
851044791,818401508489,"(nan, nan)","(nan, nan, nan)",0,nan,0,"(nan, nan, nan)",0,"(nan, nan)","(nan, nan, nan)",0,nan,0,"(nan, nan, nan)",0
851060485,818401524183,"(nan, nan)","(nan, nan, nan)",0,nan,0,"(nan, nan, nan)",0,"(nan, nan)","(nan, nan, nan)",0,nan,0,"(nan, nan, nan)",0
851078071,818401541769,"(nan, nan)","(nan, nan, nan)",0,nan,0,"(nan, nan, nan)",0,"(nan, nan)","(nan, nan, nan)",0,nan,0,"(nan, nan, nan)",0
851094711,818401558410,"(nan, nan)","(nan, nan, nan)",0,nan,0,"(nan, nan, nan)",0,"(nan, nan)","(nan, nan, nan)",0,nan,0,"(nan, nan, nan)",0
851110405,818401574104,"(nan, nan)","(nan, nan, nan)",0,nan,0,"(nan, nan, nan)",0,"(nan, nan)","(nan, nan, nan)",0,nan,0,"(nan, nan, nan)",0
851127991,818401591690,"(nan, nan)","(nan, nan, nan)",0,nan,0,"(nan, nan, nan)",0,"(nan, nan)","(nan, nan, nan)",0,nan,0,"(nan, nan, nan)",0
851144631,818401608330,"(nan, nan)","(nan, nan, nan)",0,nan,0,"(nan, nan, nan)",0,"(nan, nan)","(nan, nan, nan)",0,nan,0,"(nan, nan, nan)",0
851160325,818401624025,"(nan, nan)","(nan, nan, nan)",0,nan,0,"(nan, nan, nan)",0,"(nan, nan)","(nan, nan, nan)",0,nan,0,"(nan, nan, nan)",0
851177911,818401641611,"(nan, nan)","(nan, nan, nan)",0,nan,0,"(nan, nan, nan)",0,"(nan, nan)","(nan, nan, nan)",0,nan,0,"(nan, nan, nan)",0
851194551,818401658251,"(nan, nan)","(nan, nan, nan)",0,nan,0,"(nan, nan, nan)",0,"(nan, nan)","(nan, nan, nan)",0,nan,0,"(nan, nan, nan)",0
851210245,818401673946,"(nan, nan)","(nan, nan, nan)",0,nan,0,"(nan, nan, nan)",0,"(nan, nan)","(nan, nan, nan)",0,nan,0,"(nan, nan, nan)",0
851227831,818401691532,"(nan, nan)","(nan, nan, nan)",0,nan,0,"(nan, nan, nan)",0,"(nan, nan)","(nan, nan, nan)",0,nan,0,"(nan, nan, nan)",0
851244471,818401708172,"(nan, nan)","(nan, nan, nan)",0,nan,0,"(nan, nan, nan)",0,"(nan, nan)","(nan, nan, nan)",0,nan,0,"(nan, nan, nan)",0
851260165,818401723866,"(nan, nan)","(nan, nan, nan)",0,nan,0,"(nan, nan, nan)",0,"(nan, nan)","(nan, nan, nan)",0,nan,0,"(nan, nan, nan)",0
851277751,818401741453,"(nan, nan)","(nan, nan, nan)",0,nan,0,"(nan, nan, nan)",0,"(nan, nan)","(nan, nan, nan)",0,nan,0,"(nan, nan, nan)",0
851294391,818401758093,"(nan, nan)","(nan, nan, nan)",0,nan,0,"(nan, nan, nan)",0,"(nan, nan)","(nan, nan, nan)",0,nan,0,"(nan, nan, nan)",0
851310085,818401773787,"(nan, nan)","(nan, nan, nan)",0,nan,0,"(nan, nan, nan)",0,"(nan, nan)","(nan, nan, nan)",0,nan,0,"(nan, nan, nan)",0
851327671,818401791374,"(nan, nan)","(nan, nan, nan)",0,nan,0,"(nan, nan, nan)",0,"(nan, nan)","(nan, nan, nan)",0,nan,0,"(nan, nan, nan)",0
851344311,818401808013,"(nan, nan)","(nan, nan, nan)",0,nan,0,"(nan, nan, nan)",0,"(nan, nan)","(nan, nan, nan)",0,nan,0,"(nan, nan, nan)",0
851360005,818401823708,"(nan, nan)","(nan, nan, nan)",0,nan,0,"(nan, nan, nan)",0,"(nan, nan)","(nan, nan, nan)",0,nan,0,"(nan, nan, nan)",0
851377591,818401841294,"(nan, nan)","(nan, nan, nan)",0,nan,0,"(nan, nan, nan)",0,"(nan, nan)","(nan, nan, nan)",0,nan,0,"(nan, nan, nan)",0
851394231,818401857934,"(nan, nan)","(nan, nan, nan)",0,nan,0,"(nan, nan, nan)",0,"(nan, nan)","(nan, nan, nan)",0,nan,0,"(nan, nan, nan)",0
851409925,818401873629,"(nan, nan)","(nan, nan, nan)",0,nan,0,"(nan, nan, nan)",0,"(nan, nan)","(nan, nan, nan)",0,nan,0,"(nan, nan, nan)",0
851427511,818401891215,"(nan, nan)","(nan, nan, nan)",0,nan,0,"(nan, nan, nan)",0,"(nan, nan)","(nan, nan, nan)",0,nan,0,"(nan, nan, nan)",0
851444151,818401907855,"(nan, nan)","(nan, nan, nan)",0,nan,0,"(nan, nan, nan)",0,"(nan, nan)","(nan, nan, nan)",0,nan,0,"(nan, nan, nan)",0
851459845,818401923549,"(nan, nan)","(nan, nan, nan)",0,nan,0,"(nan, nan, nan)",0,"(nan, nan)","(nan, nan, nan)",0,nan,0,"(nan, nan, nan)",0
851477431,818401941135,"(nan, nan)","(nan, nan, nan)",0,nan,0,"(nan, nan, nan)",0,"(nan, nan)","(nan, nan, nan)",0,nan,0,"(nan, nan, nan)",0
851494071,818401957775,"(nan, nan)","(nan, nan, nan)",0,nan,0,"(nan, nan, nan)",0,"(nan, nan)","(nan, nan, nan)",0,nan,0,"(nan, nan, nan)",0
851509765,818401973470,"(nan, nan)","(nan, nan, nan)",0,nan,0,"(nan, nan, nan)",0,"(nan, nan)","(nan, nan, nan)",0,nan,0,"(nan, nan, nan)",0
851527351,818401991056,"(nan, nan)","(nan, nan, nan)",0,nan,0,"(nan, nan, nan)",0,"(nan, nan)","(nan, nan, nan)",0,nan,0,"(nan, nan, nan)",0
851543991,818402007696,"(nan, nan)","(nan, nan, nan)",0,nan,0,"(nan, nan, nan)",0,"(nan, nan)","(nan, nan, nan)",0,nan,0,"(nan, nan, nan)",0
851559685,818402023390,"(nan, nan)","(nan, nan, nan)",0,nan,0,"(nan, nan, nan)",0,"(nan, nan)","(nan, nan, nan)",0,nan,0,"(nan, nan, nan)",0
851577271,818402040977,"(nan, nan)","(nan, nan, nan)",0,nan,0,"(nan, nan, nan)",0,"(nan, nan)","(nan, nan, nan)",0,nan,0,"(nan, nan, nan)",0
851593911,818402057617,"(nan, nan)","(nan, nan, nan)",0,nan,0,"(nan, nan, nan)",0,"(nan, nan)","(nan, nan, nan)",0,nan,0,"(nan, nan, nan)",0
851609605,818402073311,"(nan, nan)","(nan, nan, nan)",0,nan,0,"(nan, nan, nan)",0,"(nan, nan)","(nan, nan, nan)",0,nan,0,"(nan, nan, nan)",0
851627191,818402090898,"(nan, nan)","(nan, nan, nan)",0,nan,0,"(nan, nan, nan)",0,"(nan, nan)","(nan, nan, nan)",0,nan,0,"(nan, nan, nan)",0
851643831,818402107538,"(nan, nan)","(nan, nan, nan)",0,nan,0,"(nan, nan, nan)",0,"(nan, nan)","(nan, nan, nan)",0,nan,0,"(nan, nan, nan)",0
851659525,818402123232,"(nan, nan)","(nan, nan, nan)",0,nan,0,"(nan, nan, nan)",0,"(nan, nan)","(nan, nan, nan)",0,nan,0,"(nan, nan, nan)",0
851677111,818402140818,"(nan, nan)","(nan, nan, nan)",0,nan,0,"(nan, nan, nan)",0,"(nan, nan)","(nan, nan, nan)",0,nan,0,"(nan, nan, nan)",0
851693751,818402157459,"(nan, nan)","(nan, nan, nan)",0,nan,0,"(nan, nan, nan)",0,"(nan, nan)","(nan, nan, nan)",0,nan,0,"(nan, nan, nan)",0
851709445,818402173153,"(nan, nan)","(nan, nan, nan)",0,nan,0,"(nan, nan, nan)",0,"(nan, nan)","(nan, nan, nan)",0,nan,0,"(nan, nan, nan)",0
851727031,818402190739,"(nan, nan)","(nan, nan, nan)",0,nan,0,"(nan, nan, nan)",0,"(nan, nan)","(nan, nan, nan)",0,nan,0,"(nan, nan, nan)",0
851743671,818402207380,"(nan, nan)","(nan, nan, nan)",0,nan,0,"(nan, nan, nan)",0,"(nan, nan)","(nan, nan, nan)",0,nan,0,"(nan, nan, nan)",0
851759359,818402223068,"(nan, nan)","(nan, nan, nan)",0,nan,0,"(nan, nan, nan)",0,"(nan, nan)","(nan, nan, nan)",0,nan,0,"(nan, nan, nan)",0
851776951,818402240660,"(nan, nan)","(nan, nan, nan)",0,nan,0,"(nan, nan, nan)",0,"(nan, nan)","(nan, nan, nan)",0,nan,0,"(nan, nan, nan)",0
851793591,818402257300,"(nan, nan)","(nan, nan, nan)",0,nan,0,"(nan, nan, nan)",0,"(nan, nan)","(nan, nan, nan)",0,nan,0,"(nan, nan, nan)",0
851809279,818402272988,"(nan, nan)","(nan, nan, nan)",0,nan,0,"(nan, nan, nan)",0,"(nan, nan)","(nan, nan, nan)",0,nan,0,"(nan, nan, nan)",0
851826871,818402290581,"(nan, nan)","(nan, nan, nan)",0,nan,0,"(nan, nan, nan)",0,"(nan, nan)","(nan, nan, nan)",0,nan,0,"(nan, nan, nan)",0
851843511,818402307221,"(nan, nan)","(nan, nan, nan)",0,nan,0,"(nan, nan, nan)",0,"(nan, nan)","(nan, nan, nan)",0,nan,0,"(nan, nan, nan)",0
851859199,818402322909,"(nan, nan)","(nan, nan, nan)",0,nan,0,"(nan, nan, nan)",0,"(nan, nan)","(nan, nan, nan)",0,nan,0,"(nan, nan, nan)",0
851876791,818402340501,"(nan, nan)","(nan, nan, nan)",0,nan,0,"(nan, nan, nan)",0,"(nan, nan)","(nan, nan, nan)",0,nan,0,"(nan, nan, nan)",0
851893431,818402357141,"(nan, nan)","(nan, nan, nan)",0,nan,0,"(nan, nan, nan)",0,"(nan, nan)","(nan, nan, nan)",0,nan,0,"(nan, nan, nan)",0
851909119,818402372829,"(nan, nan)","(nan, nan, nan)",0,nan,0,"(nan, nan, nan)",0,"(nan, nan)","(nan, nan, nan)",0,nan,0,"(nan, nan, nan)",0
851926711,818402390422,"(nan, nan)","(nan, nan, nan)",0,nan,0,"(nan, nan, nan)",0,"(nan, nan)","(nan, nan, nan)",0,nan,0,"(nan, nan, nan)",0
851943351,818402407062,"(nan, nan)","(nan, nan, nan)",0,nan,0,"(nan, nan, nan)",0,"(nan, nan)","(nan, nan, nan)",0,nan,0,"(nan, nan, nan)",0
851959039,818402422750,"(nan, nan)","(nan, nan, nan)",0,nan,0,"(nan, nan, nan)",0,"(nan, nan)","(nan, nan, nan)",0,nan,0,"(nan, nan, nan)",0
851976631,818402440342,"(nan, nan)","(nan, nan, nan)",0,nan,0,"(nan, nan, nan)",0,"(nan, nan)","(nan, nan, nan)",0,nan,0,"(nan, nan, nan)",0
851993271,818402456983,"(nan, nan)","(nan, nan, nan)",0,nan,0,"(nan, nan, nan)",0,"(nan, nan)","(nan, nan, nan)",0,nan,0,"(nan, nan, nan)",0
852008959,818402472671,"(nan, nan)","(nan, nan, nan)",0,nan,0,"(nan, nan, nan)",0,"(nan, nan)","(nan, nan, nan)",0,nan,0,"(nan, nan, nan)",0
852026551,818402490263,"(nan, nan)","(nan, nan, nan)",0,nan,0,"(nan, nan, nan)",0,"(nan, nan)","(nan, nan, nan)",0,nan,0,"(nan, nan, nan)",0
852043191,818402506904,"(nan, nan)","(nan, nan, nan)",0,nan,0,"(nan, nan, nan)",0,"(nan, nan)","(nan, nan, nan)",0,nan,0,"(nan, nan, nan)",0
852058879,818402522592,"(nan, nan)","(nan, nan, nan)",0,nan,0,"(nan, nan, nan)",0,"(nan, nan)","(nan, nan, nan)",0,nan,0,"(nan, nan, nan)",0
852076471,818402540184,"(nan, nan)","(nan, nan, nan)",0,nan,0,"(nan, nan, nan)",0,"(nan, nan)","(nan, nan, nan)",0,nan,0,"(nan, nan, nan)",0
852093111,818402556824,"(nan, nan)","(nan, nan, nan)",0,nan,0,"(nan, nan, nan)",0,"(nan, nan)","(nan, nan, nan)",0,nan,0,"(nan, nan, nan)",0
852108799,818402572513,"(nan, nan)","(nan, nan, nan)",0,nan,0,"(nan, nan, nan)",0,"(nan, nan)","(nan, nan, nan)",0,nan,0,"(nan, nan, nan)",0
852126391,818402590105,"(nan, nan)","(nan, nan, nan)",0,nan,0,"(nan, nan, nan)",0,"(nan, nan)","(nan, nan, nan)",0,nan,0,"(nan, nan, nan)",0
852143031,818402606745,"(nan, nan)","(nan, nan, nan)",0,nan,0,"(nan, nan, nan)",0,"(nan, nan)","(nan, nan, nan)",0,nan,0,"(nan, nan, nan)",0
852158719,818402622433,"(nan, nan)","(nan, nan, nan)",0,nan,0,"(nan, nan, nan)",0,"(nan, nan)","(nan, nan, nan)",0,nan,0,"(nan, nan, nan)",0
852176311,818402640026,"(nan, nan)","(nan, nan, nan)",0,nan,0,"(nan, nan, nan)",0,"(nan, nan)","(nan, nan, nan)",0,nan,0,"(nan, nan, nan)",0
852192951,818402656666,"(nan, nan)","(nan, nan, nan)",0,nan,0,"(nan, nan, nan)",0,"(nan, nan)","(nan, nan, nan)",0,nan,0,"(nan, nan, nan)",0
852208639,818402672354,"(nan, nan)","(nan, nan, nan)",0,nan,0,"(nan, nan, nan)",0,"(nan, nan)","(nan, nan, nan)",0,nan,0,"(nan, nan, nan)",0
852226231,818402689947,"(nan, nan)","(nan, nan, nan)",0,nan,0,"(nan, nan, nan)",0,"(nan, nan)","(nan, nan, nan)",0,nan,0,"(nan, nan, nan)",0
852242871,818402706587,"(nan, nan)","(nan, nan, nan)",0,nan,0,"(nan, nan, nan)",0,"(nan, nan)","(nan, nan, nan)",0,nan,0,"(nan, nan, nan)",0
852258559,818402722275,"(nan, nan)","(nan, nan, nan)",0,nan,0,"(nan, nan, nan)",0,"(nan, nan)","(nan, nan, nan)",0,nan,0,"(nan, nan, nan)",0
852276151,818402739867,"(nan, nan)","(nan, nan, nan)",0,nan,0,"(nan, nan, nan)",0,"(nan, nan)","(nan, nan, nan)",0,nan,0,"(nan, nan, nan)",0
852292791,818402756507,"(nan, nan)","(nan, nan, nan)",0,nan,0,"(nan, nan, nan)",0,"(nan, nan)","(nan, nan, nan)",0,nan,0,"(nan, nan, nan)",0
852308479,818402772195,"(nan, nan)","(nan, nan, nan)",0,nan,0,"(nan, nan, nan)",0,"(nan, nan)","(nan, nan, nan)",0,nan,0,"(nan, nan, nan)",0
852326071,818402789787,"(nan, nan)","(nan, nan, nan)",0,nan,0,"(nan, nan, nan)",0,"(nan, nan)","(nan, nan, nan)",0,nan,0,"(nan, nan, nan)",0
852342711,818402806428,"(nan, nan)","(nan, nan, nan)",0,nan,0,"(nan, nan, nan)",0,"(nan, nan)","(nan, nan, nan)",0,nan,0,"(nan, nan, nan)",0
852358399,818402822116,"(nan, nan)","(nan, nan, nan)",0,nan,0,"(nan, nan, nan)",0,"(nan, nan)","(nan, nan, nan)",0,nan,0,"(nan, nan, nan)",0
852375991,818402839708,"(nan, nan)","(nan, nan, nan)",0,nan,0,"(nan, nan, nan)",0,"(nan, nan)","(nan, nan, nan)",0,nan,0,"(nan, nan, nan)",0
852392631,818402856348,"(nan, nan)","(nan, nan, nan)",0,nan,0,"(nan, nan, nan)",0,"(nan, nan)","(nan, nan, nan)",0,nan,0,"(nan, nan, nan)",0
852408319,818402872037,"(nan, nan)","(nan, nan, nan)",0,nan,0,"(nan, nan, nan)",0,"(nan, nan)","(nan, nan, nan)",0,nan,0,"(nan, nan, nan)",0
852425911,818402889629,"(nan, nan)","(nan, nan, nan)",0,nan,0,"(nan, nan, nan)",0,"(nan, nan)","(nan, nan, nan)",0,nan,0,"(nan, nan, nan)",0
852442551,818402906269,"(nan, nan)","(nan, nan, nan)",0,nan,0,"(nan, nan, nan)",0,"(nan, nan)","(nan, nan, nan)",0,nan,0,"(nan, nan, nan)",0
852458239,818402921958,"(nan, nan)","(nan, nan, nan)",0,nan,0,"(nan, nan, nan)",0,"(nan, nan)","(nan, nan, nan)",0,nan,0,"(nan, nan, nan)",0
852475831,818402939550,"(nan, nan)","(nan, nan, nan)",0,nan,0,"(nan, nan, nan)",0,"(nan, nan)","(nan, nan, nan)",0,nan,0,"(nan, nan, nan)",0
852492471,818402956190,"(nan, nan)","(nan, nan, nan)",0,nan,0,"(nan, nan, nan)",0,"(nan, nan)","(nan, nan, nan)",0,nan,0,"(nan, nan, nan)",0
852508159,818402971878,"(nan, nan)","(nan, nan, nan)",0,nan,0,"(nan, nan, nan)",0,"(nan, nan)","(nan, nan, nan)",0,nan,0,"(nan, nan, nan)",0
852525751,818402989471,"(nan, nan)","(nan, nan, nan)",0,nan,0,"(nan, nan, nan)",0,"(nan, nan)","(nan, nan, nan)",0,nan,0,"(nan, nan, nan)",0
852542391,818403006111,"(nan, nan)","(nan, nan, nan)",0,nan,0,"(nan, nan, nan)",0,"(nan, nan)","(nan, nan, nan)",0,nan,0,"(nan, nan, nan)",0
852558079,818403021799,"(nan, nan)","(nan, nan, nan)",0,nan,0,"(nan, nan, nan)",0,"(nan, nan)","(nan, nan, nan)",0,nan,0,"(nan, nan, nan)",0
852575671,818403039391,"(nan, nan)","(nan, nan, nan)",0,nan,0,"(nan, nan, nan)",0,"(nan, nan)","(nan, nan, nan)",0,nan,0,"(nan, nan, nan)",0
852592311,818403056032,"(nan, nan)","(nan, nan, nan)",0,nan,0,"(nan, nan, nan)",0,"(nan, nan)","(nan, nan, nan)",0,nan,0,"(nan, nan, nan)",0
852607999,818403071720,"(nan, nan)","(nan, nan, nan)",0,nan,0,"(nan, nan, nan)",0,"(nan, nan)","(nan, nan, nan)",0,nan,0,"(nan, nan, nan)",0
852625591,818403089312,"(nan, nan)","(nan, nan, nan)",0,nan,0,"(nan, nan, nan)",0,"(nan, nan)","(nan, nan, nan)",0,nan,0,"(nan, nan, nan)",0
852642231,818403105953,"(nan, nan)","(nan, nan, nan)",0,nan,0,"(nan, nan, nan)",0,"(nan, nan)","(nan, nan, nan)",0,nan,0,"(nan, nan, nan)",0
852657925,818403121647,"(nan, nan)","(nan, nan, nan)",0,nan,0,"(nan, nan, nan)",0,"(nan, nan)","(nan, nan, nan)",0,nan,0,"(nan, nan, nan)",0
852675511,818403139233,"(nan, nan)","(nan, nan, nan)",0,nan,0,"(nan, nan, nan)",0,"(nan, nan)","(nan, nan, nan)",0,nan,0,"(nan, nan, nan)",0
852692151,818403155873,"(nan, nan)","(nan, nan, nan)",0,nan,0,"(nan, nan, nan)",0,"(nan, nan)","(nan, nan, nan)",0,nan,0,"(nan, nan, nan)",0
852707845,818403171568,"(nan, nan)","(nan, nan, nan)",0,nan,0,"(nan, nan, nan)",0,"(nan, nan)","(nan, nan, nan)",0,nan,0,"(nan, nan, nan)",0
852725431,818403189154,"(nan, nan)","(nan, nan, nan)",0,nan,0,"(nan, nan, nan)",0,"(nan, nan)","(nan, nan, nan)",0,nan,0,"(nan, nan, nan)",0
852742071,818403205794,"(nan, nan)","(nan, nan, nan)",0,nan,0,"(nan, nan, nan)",0,"(nan, nan)","(nan, nan, nan)",0,nan,0,"(nan, nan, nan)",0
852757765,818403221489,"(nan, nan)","(nan, nan, nan)",0,nan,0,"(nan, nan, nan)",0,"(nan, nan)","(nan, nan, nan)",0,nan,0,"(nan, nan, nan)",0
852775351,818403239075,"(nan, nan)","(nan, nan, nan)",0,nan,0,"(nan, nan, nan)",0,"(nan, nan)","(nan, nan, nan)",0,nan,0,"(nan, nan, nan)",0
852791991,818403255715,"(nan, nan)","(nan, nan, nan)",0,nan,0,"(nan, nan, nan)",0,"(nan, nan)","(nan, nan, nan)",0,nan,0,"(nan, nan, nan)",0
852807685,818403271409,"(nan, nan)","(nan, nan, nan)",0,nan,0,"(nan, nan, nan)",0,"(nan, nan)","(nan, nan, nan)",0,nan,0,"(nan, nan, nan)",0
852825271,818403288996,"(nan, nan)","(nan, nan, nan)",0,nan,0,"(nan, nan, nan)",0,"(nan, nan)","(nan, nan, nan)",0,nan,0,"(nan, nan, nan)",0
852841911,818403305636,"(nan, nan)","(nan, nan, nan)",0,nan,0,"(nan, nan, nan)",0,"(nan, nan)","(nan, nan, nan)",0,nan,0,"(nan, nan, nan)",0
852857605,818403321330,"(nan, nan)","(nan, nan, nan)",0,nan,0,"(nan, nan, nan)",0,"(nan, nan)","(nan, nan, nan)",0,nan,0,"(nan, nan, nan)",0
852875191,818403338916,"(nan, nan)","(nan, nan, nan)",0,nan,0,"(nan, nan, nan)",0,"(nan, nan)","(nan, nan, nan)",0,nan,0,"(nan, nan, nan)",0
852891831,818403355557,"(nan, nan)","(nan, nan, nan)",0,nan,0,"(nan, nan, nan)",0,"(nan, nan)","(nan, nan, nan)",0,nan,0,"(nan, nan, nan)",0
852907525,818403371251,"(nan, nan)","(nan, nan, nan)",0,nan,0,"(nan, nan, nan)",0,"(nan, nan)","(nan, nan, nan)",0,nan,0,"(nan, nan, nan)",0
852925111,818403388837,"(nan, nan)","(nan, nan, nan)",0,nan,0,"(nan, nan, nan)",0,"(nan, nan)","(nan, nan, nan)",0,nan,0,"(nan, nan, nan)",0
852941751,818403405478,"(nan, nan)","(nan, nan, nan)",0,nan,0,"(nan, nan, nan)",0,"(nan, nan)","(nan, nan, nan)",0,nan,0,"(nan, nan, nan)",0
852957445,818403421172,"(nan, nan)","(nan, nan, nan)",0,nan,0,"(nan, nan, nan)",0,"(nan, nan)","(nan, nan, nan)",0,nan,0,"(nan, nan, nan)",0
852975031,818403438758,"(nan, nan)","(nan, nan, nan)",0,nan,0,"(nan, nan, nan)",0,"(nan, nan)","(nan, nan, nan)",0,nan,0,"(nan, nan, nan)",0
852991671,818403455398,"(nan, nan)","(nan, nan, nan)",0,nan,0,"(nan, nan, nan)",0,"(nan, nan)","(nan, nan, nan)",0,nan,0,"(nan, nan, nan)",0
853007365,818403471093,"(nan, nan)","(nan, nan, nan)",0,nan,0,"(nan, nan, nan)",0,"(nan, nan)","(nan, nan, nan)",0,nan,0,"(nan, nan, nan)",0
853024951,818403488679,"(nan, nan)","(nan, nan, nan)",0,nan,0,"(nan, nan, nan)",0,"(nan, nan)","(nan, nan, nan)",0,nan,0,"(nan, nan, nan)",0
853041591,818403505319,"(nan, nan)","(nan, nan, nan)",0,nan,0,"(nan, nan, nan)",0,"(nan, nan)","(nan, nan, nan)",0,nan,0,"(nan, nan, nan)",0
853057285,818403521014,"(nan, nan)","(nan, nan, nan)",0,nan,0,"(nan, nan, nan)",0,"(nan, nan)","(nan, nan, nan)",0,nan,0,"(nan, nan, nan)",0
853074871,818403538600,"(nan, nan)","(nan, nan, nan)",0,nan,0,"(nan, nan, nan)",0,"(nan, nan)","(nan, nan, nan)",0,nan,0,"(nan, nan, nan)",0
853091511,818403555240,"(nan, nan)","(nan, nan, nan)",0,nan,0,"(nan, nan, nan)",0,"(nan, nan)","(nan, nan, nan)",0,nan,0,"(nan, nan, nan)",0
853107205,818403570934,"(nan, nan)","(nan, nan, nan)",0,nan,0,"(nan, nan, nan)",0,"(nan, nan)","(nan, nan, nan)",0,nan,0,"(nan, nan, nan)",0
853124791,818403588521,"(nan, nan)","(nan, nan, nan)",0,nan,0,"(nan, nan, nan)",0,"(nan, nan)","(nan, nan, nan)",0,nan,0,"(nan, nan, nan)",0
853141431,818403605161,"(nan, nan)","(nan, nan, nan)",0,nan,0,"(nan, nan, nan)",0,"(nan, nan)","(nan, nan, nan)",0,nan,0,"(nan, nan, nan)",0
853157125,818403620855,"(nan, nan)","(nan, nan, nan)",0,nan,0,"(nan, nan, nan)",0,"(nan, nan)","(nan, nan, nan)",0,nan,0,"(nan, nan, nan)",0
853174711,818403638442,"(nan, nan)","(nan, nan, nan)",0,nan,0,"(nan, nan, nan)",0,"(nan, nan)","(nan, nan, nan)",0,nan,0,"(nan, nan, nan)",0
853191351,818403655082,"(nan, nan)","(nan, nan, nan)",0,nan,0,"(nan, nan, nan)",0,"(nan, nan)","(nan, nan, nan)",0,nan,0,"(nan, nan, nan)",0
853207039,818403670770,"(nan, nan)","(nan, nan, nan)",0,nan,0,"(nan, nan, nan)",0,"(nan, nan)","(nan, nan, nan)",0,nan,0,"(nan, nan, nan)",0
853224631,818403688362,"(nan, nan)","(nan, nan, nan)",0,nan,0,"(nan, nan, nan)",0,"(nan, nan)","(nan, nan, nan)",0,nan,0,"(nan, nan, nan)",0
853241271,818403705003,"(nan, nan)","(nan, nan, nan)",0,nan,0,"(nan, nan, nan)",0,"(nan, nan)","(nan, nan, nan)",0,nan,0,"(nan, nan, nan)",0
853256959,818403720691,"(nan, nan)","(nan, nan, nan)",0,nan,0,"(nan, nan, nan)",0,"(nan, nan)","(nan, nan, nan)",0,nan,0,"(nan, nan, nan)",0
853274551,818403738283,"(nan, nan)","(nan, nan, nan)",0,nan,0,"(nan, nan, nan)",0,"(nan, nan)","(nan, nan, nan)",0,nan,0,"(nan, nan, nan)",0
853291191,818403754923,"(nan, nan)","(nan, nan, nan)",0,nan,0,"(nan, nan, nan)",0,"(nan, nan)","(nan, nan, nan)",0,nan,0,"(nan, nan, nan)",0
853306879,818403770612,"(nan, nan)","(nan, nan, nan)",0,nan,0,"(nan, nan, nan)",0,"(nan, nan)","(nan, nan, nan)",0,nan,0,"(nan, nan, nan)",0
853324471,818403788204,"(nan, nan)","(nan, nan, nan)",0,nan,0,"(nan, nan, nan)",0,"(nan, nan)","(nan, nan, nan)",0,nan,0,"(nan, nan, nan)",0
853341111,818403804844,"(nan, nan)","(nan, nan, nan)",0,nan,0,"(nan, nan, nan)",0,"(nan, nan)","(nan, nan, nan)",0,nan,0,"(nan, nan, nan)",0
853356799,818403820533,"(nan, nan)","(nan, nan, nan)",0,nan,0,"(nan, nan, nan)",0,"(nan, nan)","(nan, nan, nan)",0,nan,0,"(nan, nan, nan)",0
853374391,818403838125,"(nan, nan)","(nan, nan, nan)",0,nan,0,"(nan, nan, nan)",0,"(nan, nan)","(nan, nan, nan)",0,nan,0,"(nan, nan, nan)",0
853391031,818403854765,"(nan, nan)","(nan, nan, nan)",0,nan,0,"(nan, nan, nan)",0,"(nan, nan)","(nan, nan, nan)",0,nan,0,"(nan, nan, nan)",0
853406719,818403870453,"(nan, nan)","(nan, nan, nan)",0,nan,0,"(nan, nan, nan)",0,"(nan, nan)","(nan, nan, nan)",0,nan,0,"(nan, nan, nan)",0
853424311,818403888046,"(nan, nan)","(nan, nan, nan)",0,nan,0,"(nan, nan, nan)",0,"(nan, nan)","(nan, nan, nan)",0,nan,0,"(nan, nan, nan)",0
853440951,818403904686,"(nan, nan)","(nan, nan, nan)",0,nan,0,"(nan, nan, nan)",0,"(nan, nan)","(nan, nan, nan)",0,nan,0,"(nan, nan, nan)",0
853456639,818403920374,"(nan, nan)","(nan, nan, nan)",0,nan,0,"(nan, nan, nan)",0,"(nan, nan)","(nan, nan, nan)",0,nan,0,"(nan, nan, nan)",0
853474231,818403937967,"(nan, nan)","(nan, nan, nan)",0,nan,0,"(nan, nan, nan)",0,"(nan, nan)","(nan, nan, nan)",0,nan,0,"(nan, nan, nan)",0
853490871,818403954607,"(nan, nan)","(nan, nan, nan)",0,nan,0,"(nan, nan, nan)",0,"(nan, nan)","(nan, nan, nan)",0,nan,0,"(nan, nan, nan)",0
853506565,818403970301,"(nan, nan)","(nan, nan, nan)",0,nan,0,"(nan, nan, nan)",0,"(nan, nan)","(nan, nan, nan)",0,nan,0,"(nan, nan, nan)",0
853524151,818403987887,"(nan, nan)","(nan, nan, nan)",0,nan,0,"(nan, nan, nan)",0,"(nan, nan)","(nan, nan, nan)",0,nan,0,"(nan, nan, nan)",0
853540791,818404004528,"(nan, nan)","(nan, nan, nan)",0,nan,0,"(nan, nan, nan)",0,"(nan, nan)","(nan, nan, nan)",0,nan,0,"(nan, nan, nan)",0
853556485,818404020222,"(nan, nan)","(nan, nan, nan)",0,nan,0,"(nan, nan, nan)",0,"(nan, nan)","(nan, nan, nan)",0,nan,0,"(nan, nan, nan)",0
853574071,818404037808,"(nan, nan)","(nan, nan, nan)",0,nan,0,"(nan, nan, nan)",0,"(nan, nan)","(nan, nan, nan)",0,nan,0,"(nan, nan, nan)",0
853590711,818404054448,"(nan, nan)","(nan, nan, nan)",0,nan,0,"(nan, nan, nan)",0,"(nan, nan)","(nan, nan, nan)",0,nan,0,"(nan, nan, nan)",0
853606405,818404070143,"(nan, nan)","(nan, nan, nan)",0,nan,0,"(nan, nan, nan)",0,"(nan, nan)","(nan, nan, nan)",0,nan,0,"(nan, nan, nan)",0
853623991,818404087729,"(nan, nan)","(nan, nan, nan)",0,nan,0,"(nan, nan, nan)",0,"(nan, nan)","(nan, nan, nan)",0,nan,0,"(nan, nan, nan)",0
853640631,818404104369,"(nan, nan)","(nan, nan, nan)",0,nan,0,"(nan, nan, nan)",0,"(nan, nan)","(nan, nan, nan)",0,nan,0,"(nan, nan, nan)",0
853656325,818404120064,"(nan, nan)","(nan, nan, nan)",0,nan,0,"(nan, nan, nan)",0,"(nan, nan)","(nan, nan, nan)",0,nan,0,"(nan, nan, nan)",0
853673911,818404137650,"(nan, nan)","(nan, nan, nan)",0,nan,0,"(nan, nan, nan)",0,"(nan, nan)","(nan, nan, nan)",0,nan,0,"(nan, nan, nan)",0
853690551,818404154290,"(nan, nan)","(nan, nan, nan)",0,nan,0,"(nan, nan, nan)",0,"(nan, nan)","(nan, nan, nan)",0,nan,0,"(nan, nan, nan)",0
853706245,818404169984,"(nan, nan)","(nan, nan, nan)",0,nan,0,"(nan, nan, nan)",0,"(nan, nan)","(nan, nan, nan)",0,nan,0,"(nan, nan, nan)",0
853723831,818404187571,"(nan, nan)","(nan, nan, nan)",0,nan,0,"(nan, nan, nan)",0,"(nan, nan)","(nan, nan, nan)",0,nan,0,"(nan, nan, nan)",0
853740471,818404204211,"(nan, nan)","(nan, nan, nan)",0,nan,0,"(nan, nan, nan)",0,"(nan, nan)","(nan, nan, nan)",0,nan,0,"(nan, nan, nan)",0
853756165,818404219905,"(nan, nan)","(nan, nan, nan)",0,nan,0,"(nan, nan, nan)",0,"(nan, nan)","(nan, nan, nan)",0,nan,0,"(nan, nan, nan)",0
853773751,818404237492,"(nan, nan)","(nan, nan, nan)",0,nan,0,"(nan, nan, nan)",0,"(nan, nan)","(nan, nan, nan)",0,nan,0,"(nan, nan, nan)",0
853790391,818404254132,"(nan, nan)","(nan, nan, nan)",0,nan,0,"(nan, nan, nan)",0,"(nan, nan)","(nan, nan, nan)",0,nan,0,"(nan, nan, nan)",0
853806085,818404269826,"(nan, nan)","(nan, nan, nan)",0,nan,0,"(nan, nan, nan)",0,"(nan, nan)","(nan, nan, nan)",0,nan,0,"(nan, nan, nan)",0
853823671,818404287412,"(nan, nan)","(nan, nan, nan)",0,nan,0,"(nan, nan, nan)",0,"(nan, nan)","(nan, nan, nan)",0,nan,0,"(nan, nan, nan)",0
853840311,818404304053,"(nan, nan)","(nan, nan, nan)",0,nan,0,"(nan, nan, nan)",0,"(nan, nan)","(nan, nan, nan)",0,nan,0,"(nan, nan, nan)",0
853855999,818404319741,"(nan, nan)","(nan, nan, nan)",0,nan,0,"(nan, nan, nan)",0,"(nan, nan)","(nan, nan, nan)",0,nan,0,"(nan, nan, nan)",0
853873591,818404337333,"(nan, nan)","(nan, nan, nan)",0,nan,0,"(nan, nan, nan)",0,"(nan, nan)","(nan, nan, nan)",0,nan,0,"(nan, nan, nan)",0
853890231,818404353974,"(nan, nan)","(nan, nan, nan)",0,nan,0,"(nan, nan, nan)",0,"(nan, nan)","(nan, nan, nan)",0,nan,0,"(nan, nan, nan)",0
853905919,818404369662,"(nan, nan)","(nan, nan, nan)",0,nan,0,"(nan, nan, nan)",0,"(nan, nan)","(nan, nan, nan)",0,nan,0,"(nan, nan, nan)",0
853923511,818404387254,"(nan, nan)","(nan, nan, nan)",0,nan,0,"(nan, nan, nan)",0,"(nan, nan)","(nan, nan, nan)",0,nan,0,"(nan, nan, nan)",0
853940151,818404403894,"(nan, nan)","(nan, nan, nan)",0,nan,0,"(nan, nan, nan)",0,"(nan, nan)","(nan, nan, nan)",0,nan,0,"(nan, nan, nan)",0
853955845,818404419589,"(nan, nan)","(nan, nan, nan)",0,nan,0,"(nan, nan, nan)",0,"(nan, nan)","(nan, nan, nan)",0,nan,0,"(nan, nan, nan)",0
853973431,818404437175,"(nan, nan)","(nan, nan, nan)",0,nan,0,"(nan, nan, nan)",0,"(nan, nan)","(nan, nan, nan)",0,nan,0,"(nan, nan, nan)",0
853990071,818404453815,"(nan, nan)","(nan, nan, nan)",0,nan,0,"(nan, nan, nan)",0,"(nan, nan)","(nan, nan, nan)",0,nan,0,"(nan, nan, nan)",0
854005765,818404469509,"(nan, nan)","(nan, nan, nan)",0,nan,0,"(nan, nan, nan)",0,"(nan, nan)","(nan, nan, nan)",0,nan,0,"(nan, nan, nan)",0
854023351,818404487096,"(nan, nan)","(nan, nan, nan)",0,nan,0,"(nan, nan, nan)",0,"(nan, nan)","(nan, nan, nan)",0,nan,0,"(nan, nan, nan)",0
854039991,818404503736,"(nan, nan)","(nan, nan, nan)",0,nan,0,"(nan, nan, nan)",0,"(nan, nan)","(nan, nan, nan)",0,nan,0,"(nan, nan, nan)",0
854055685,818404519430,"(nan, nan)","(nan, nan, nan)",0,nan,0,"(nan, nan, nan)",0,"(nan, nan)","(nan, nan, nan)",0,nan,0,"(nan, nan, nan)",0
854073271,818404537017,"(nan, nan)","(nan, nan, nan)",0,nan,0,"(nan, nan, nan)",0,"(nan, nan)","(nan, nan, nan)",0,nan,0,"(nan, nan, nan)",0
854089911,818404553657,"(nan, nan)","(nan, nan, nan)",0,nan,0,"(nan, nan, nan)",0,"(nan, nan)","(nan, nan, nan)",0,nan,0,"(nan, nan, nan)",0
854105605,818404569351,"(nan, nan)","(nan, nan, nan)",0,nan,0,"(nan, nan, nan)",0,"(nan, nan)","(nan, nan, nan)",0,nan,0,"(nan, nan, nan)",0
854123191,818404586937,"(nan, nan)","(nan, nan, nan)",0,nan,0,"(nan, nan, nan)",0,"(nan, nan)","(nan, nan, nan)",0,nan,0,"(nan, nan, nan)",0
854139831,818404603578,"(nan, nan)","(nan, nan, nan)",0,nan,0,"(nan, nan, nan)",0,"(nan, nan)","(nan, nan, nan)",0,nan,0,"(nan, nan, nan)",0
854155525,818404619272,"(nan, nan)","(nan, nan, nan)",0,nan,0,"(nan, nan, nan)",0,"(nan, nan)","(nan, nan, nan)",0,nan,0,"(nan, nan, nan)",0
854173111,818404636858,"(nan, nan)","(nan, nan, nan)",0,nan,0,"(nan, nan, nan)",0,"(nan, nan)","(nan, nan, nan)",0,nan,0,"(nan, nan, nan)",0
854189751,818404653499,"(nan, nan)","(nan, nan, nan)",0,nan,0,"(nan, nan, nan)",0,"(nan, nan)","(nan, nan, nan)",0,nan,0,"(nan, nan, nan)",0
854205445,818404669193,"(nan, nan)","(nan, nan, nan)",0,nan,0,"(nan, nan, nan)",0,"(nan, nan)","(nan, nan, nan)",0,nan,0,"(nan, nan, nan)",0
854223031,818404686779,"(nan, nan)","(nan, nan, nan)",0,nan,0,"(nan, nan, nan)",0,"(nan, nan)","(nan, nan, nan)",0,nan,0,"(nan, nan, nan)",0
854239671,818404703419,"(nan, nan)","(nan, nan, nan)",0,nan,0,"(nan, nan, nan)",0,"(nan, nan)","(nan, nan, nan)",0,nan,0,"(nan, nan, nan)",0
854255365,818404719114,"(nan, nan)","(nan, nan, nan)",0,nan,0,"(nan, nan, nan)",0,"(nan, nan)","(nan, nan, nan)",0,nan,0,"(nan, nan, nan)",0
854272951,818404736700,"(nan, nan)","(nan, nan, nan)",0,nan,0,"(nan, nan, nan)",0,"(nan, nan)","(nan, nan, nan)",0,nan,0,"(nan, nan, nan)",0
854289591,818404753340,"(nan, nan)","(nan, nan, nan)",0,nan,0,"(nan, nan, nan)",0,"(nan, nan)","(nan, nan, nan)",0,nan,0,"(nan, nan, nan)",0
854305285,818404769034,"(nan, nan)","(nan, nan, nan)",0,nan,0,"(nan, nan, nan)",0,"(nan, nan)","(nan, nan, nan)",0,nan,0,"(nan, nan, nan)",0
854322871,818404786621,"(nan, nan)","(nan, nan, nan)",0,nan,0,"(nan, nan, nan)",0,"(nan, nan)","(nan, nan, nan)",0,nan,0,"(nan, nan, nan)",0
854339511,818404803261,"(nan, nan)","(nan, nan, nan)",0,nan,0,"(nan, nan, nan)",0,"(nan, nan)","(nan, nan, nan)",0,nan,0,"(nan, nan, nan)",0
854355205,818404818955,"(nan, nan)","(nan, nan, nan)",0,nan,0,"(nan, nan, nan)",0,"(nan, nan)","(nan, nan, nan)",0,nan,0,"(nan, nan, nan)",0
854372791,818404836542,"(nan, nan)","(nan, nan, nan)",0,nan,0,"(nan, nan, nan)",0,"(nan, nan)","(nan, nan, nan)",0,nan,0,"(nan, nan, nan)",0
854389431,818404853182,"(nan, nan)","(nan, nan, nan)",0,nan,0,"(nan, nan, nan)",0,"(nan, nan)","(nan, nan, nan)",0,nan,0,"(nan, nan, nan)",0
854405125,818404868876,"(nan, nan)","(nan, nan, nan)",0,nan,0,"(nan, nan, nan)",0,"(nan, nan)","(nan, nan, nan)",0,nan,0,"(nan, nan, nan)",0
854422711,818404886462,"(nan, nan)","(nan, nan, nan)",0,nan,0,"(nan, nan, nan)",0,"(nan, nan)","(nan, nan, nan)",0,nan,0,"(nan, nan, nan)",0
854439351,818404903103,"(nan, nan)","(nan, nan, nan)",0,nan,0,"(nan, nan, nan)",0,"(nan, nan)","(nan, nan, nan)",0,nan,0,"(nan, nan, nan)",0
854455045,818404918797,"(nan, nan)","(nan, nan, nan)",0,nan,0,"(nan, nan, nan)",0,"(nan, nan)","(nan, nan, nan)",0,nan,0,"(nan, nan, nan)",0
854472631,818404936383,"(nan, nan)","(nan, nan, nan)",0,nan,0,"(nan, nan, nan)",0,"(nan, nan)","(nan, nan, nan)",0,nan,0,"(nan, nan, nan)",0
854489271,818404953024,"(nan, nan)","(nan, nan, nan)",0,nan,0,"(nan, nan, nan)",0,"(nan, nan)","(nan, nan, nan)",0,nan,0,"(nan, nan, nan)",0
854504965,818404968718,"(nan, nan)","(nan, nan, nan)",0,nan,0,"(nan, nan, nan)",0,"(nan, nan)","(nan, nan, nan)",0,nan,0,"(nan, nan, nan)",0
854522551,818404986304,"(nan, nan)","(nan, nan, nan)",0,nan,0,"(nan, nan, nan)",0,"(nan, nan)","(nan, nan, nan)",0,nan,0,"(nan, nan, nan)",0
854539191,818405002944,"(nan, nan)","(nan, nan, nan)",0,nan,0,"(nan, nan, nan)",0,"(nan, nan)","(nan, nan, nan)",0,nan,0,"(nan, nan, nan)",0
854554885,818405018639,"(nan, nan)","(nan, nan, nan)",0,nan,0,"(nan, nan, nan)",0,"(nan, nan)","(nan, nan, nan)",0,nan,0,"(nan, nan, nan)",0
854572471,818405036225,"(nan, nan)","(nan, nan, nan)",0,nan,0,"(nan, nan, nan)",0,"(nan, nan)","(nan, nan, nan)",0,nan,0,"(nan, nan, nan)",0
854589111,818405052865,"(nan, nan)","(nan, nan, nan)",0,nan,0,"(nan, nan, nan)",0,"(nan, nan)","(nan, nan, nan)",0,nan,0,"(nan, nan, nan)",0
854604805,818405068560,"(nan, nan)","(nan, nan, nan)",0,nan,0,"(nan, nan, nan)",0,"(nan, nan)","(nan, nan, nan)",0,nan,0,"(nan, nan, nan)",0
854622391,818405086146,"(nan, nan)","(nan, nan, nan)",0,nan,0,"(nan, nan, nan)",0,"(nan, nan)","(nan, nan, nan)",0,nan,0,"(nan, nan, nan)",0
854639031,818405102786,"(nan, nan)","(nan, nan, nan)",0,nan,0,"(nan, nan, nan)",0,"(nan, nan)","(nan, nan, nan)",0,nan,0,"(nan, nan, nan)",0
854654719,818405118474,"(nan, nan)","(nan, nan, nan)",0,nan,0,"(nan, nan, nan)",0,"(nan, nan)","(nan, nan, nan)",0,nan,0,"(nan, nan, nan)",0
854672311,818405136067,"(nan, nan)","(nan, nan, nan)",0,nan,0,"(nan, nan, nan)",0,"(nan, nan)","(nan, nan, nan)",0,nan,0,"(nan, nan, nan)",0
854688951,818405152707,"(nan, nan)","(nan, nan, nan)",0,nan,0,"(nan, nan, nan)",0,"(nan, nan)","(nan, nan, nan)",0,nan,0,"(nan, nan, nan)",0
854704639,818405168395,"(nan, nan)","(nan, nan, nan)",0,nan,0,"(nan, nan, nan)",0,"(nan, nan)","(nan, nan, nan)",0,nan,0,"(nan, nan, nan)",0
854722231,818405185987,"(nan, nan)","(nan, nan, nan)",0,nan,0,"(nan, nan, nan)",0,"(nan, nan)","(nan, nan, nan)",0,nan,0,"(nan, nan, nan)",0
854738871,818405202628,"(nan, nan)","(nan, nan, nan)",0,nan,0,"(nan, nan, nan)",0,"(nan, nan)","(nan, nan, nan)",0,nan,0,"(nan, nan, nan)",0
854754559,818405218316,"(nan, nan)","(nan, nan, nan)",0,nan,0,"(nan, nan, nan)",0,"(nan, nan)","(nan, nan, nan)",0,nan,0,"(nan, nan, nan)",0
854772151,818405235908,"(nan, nan)","(nan, nan, nan)",0,nan,0,"(nan, nan, nan)",0,"(nan, nan)","(nan, nan, nan)",0,nan,0,"(nan, nan, nan)",0
854788791,818405252549,"(nan, nan)","(nan, nan, nan)",0,nan,0,"(nan, nan, nan)",0,"(nan, nan)","(nan, nan, nan)",0,nan,0,"(nan, nan, nan)",0
854804479,818405268237,"(nan, nan)","(nan, nan, nan)",0,nan,0,"(nan, nan, nan)",0,"(nan, nan)","(nan, nan, nan)",0,nan,0,"(nan, nan, nan)",0
854822071,818405285829,"(nan, nan)","(nan, nan, nan)",0,nan,0,"(nan, nan, nan)",0,"(nan, nan)","(nan, nan, nan)",0,nan,0,"(nan, nan, nan)",0
854838711,818405302469,"(nan, nan)","(nan, nan, nan)",0,nan,0,"(nan, nan, nan)",0,"(nan, nan)","(nan, nan, nan)",0,nan,0,"(nan, nan, nan)",0
854854399,818405318158,"(nan, nan)","(nan, nan, nan)",0,nan,0,"(nan, nan, nan)",0,"(nan, nan)","(nan, nan, nan)",0,nan,0,"(nan, nan, nan)",0
854871991,818405335750,"(nan, nan)","(nan, nan, nan)",0,nan,0,"(nan, nan, nan)",0,"(nan, nan)","(nan, nan, nan)",0,nan,0,"(nan, nan, nan)",0
854888631,818405352390,"(nan, nan)","(nan, nan, nan)",0,nan,0,"(nan, nan, nan)",0,"(nan, nan)","(nan, nan, nan)",0,nan,0,"(nan, nan, nan)",0
854904319,818405368079,"(nan, nan)","(nan, nan, nan)",0,nan,0,"(nan, nan, nan)",0,"(nan, nan)","(nan, nan, nan)",0,nan,0,"(nan, nan, nan)",0
854921911,818405385671,"(nan, nan)","(nan, nan, nan)",0,nan,0,"(nan, nan, nan)",0,"(nan, nan)","(nan, nan, nan)",0,nan,0,"(nan, nan, nan)",0
854938551,818405402311,"(nan, nan)","(nan, nan, nan)",0,nan,0,"(nan, nan, nan)",0,"(nan, nan)","(nan, nan, nan)",0,nan,0,"(nan, nan, nan)",0
854954239,818405417999,"(nan, nan)","(nan, nan, nan)",0,nan,0,"(nan, nan, nan)",0,"(nan, nan)","(nan, nan, nan)",0,nan,0,"(nan, nan, nan)",0
854971831,818405435592,"(nan, nan)","(nan, nan, nan)",0,nan,0,"(nan, nan, nan)",0,"(nan, nan)","(nan, nan, nan)",0,nan,0,"(nan, nan, nan)",0
854988471,818405452232,"(nan, nan)","(nan, nan, nan)",0,nan,0,"(nan, nan, nan)",0,"(nan, nan)","(nan, nan, nan)",0,nan,0,"(nan, nan, nan)",0
855004159,818405467920,"(nan, nan)","(nan, nan, nan)",0,nan,0,"(nan, nan, nan)",0,"(nan, nan)","(nan, nan, nan)",0,nan,0,"(nan, nan, nan)",0
855021751,818405485512,"(nan, nan)","(nan, nan, nan)",0,nan,0,"(nan, nan, nan)",0,"(nan, nan)","(nan, nan, nan)",0,nan,0,"(nan, nan, nan)",0
855038391,818405502153,"(nan, nan)","(nan, nan, nan)",0,nan,0,"(nan, nan, nan)",0,"(nan, nan)","(nan, nan, nan)",0,nan,0,"(nan, nan, nan)",0
855054079,818405517841,"(nan, nan)","(nan, nan, nan)",0,nan,0,"(nan, nan, nan)",0,"(nan, nan)","(nan, nan, nan)",0,nan,0,"(nan, nan, nan)",0
855071671,818405535433,"(nan, nan)","(nan, nan, nan)",0,nan,0,"(nan, nan, nan)",0,"(nan, nan)","(nan, nan, nan)",0,nan,0,"(nan, nan, nan)",0
855088311,818405552074,"(nan, nan)","(nan, nan, nan)",0,nan,0,"(nan, nan, nan)",0,"(nan, nan)","(nan, nan, nan)",0,nan,0,"(nan, nan, nan)",0
855104005,818405567768,"(nan, nan)","(nan, nan, nan)",0,nan,0,"(nan, nan, nan)",0,"(nan, nan)","(nan, nan, nan)",0,nan,0,"(nan, nan, nan)",0
855121591,818405585354,"(nan, nan)","(nan, nan, nan)",0,nan,0,"(nan, nan, nan)",0,"(nan, nan)","(nan, nan, nan)",0,nan,0,"(nan, nan, nan)",0
855138231,818405601994,"(nan, nan)","(nan, nan, nan)",0,nan,0,"(nan, nan, nan)",0,"(nan, nan)","(nan, nan, nan)",0,nan,0,"(nan, nan, nan)",0
855153919,818405617683,"(nan, nan)","(nan, nan, nan)",0,nan,0,"(nan, nan, nan)",0,"(nan, nan)","(nan, nan, nan)",0,nan,0,"(nan, nan, nan)",0
855171511,818405635275,"(nan, nan)","(nan, nan, nan)",0,nan,0,"(nan, nan, nan)",0,"(nan, nan)","(nan, nan, nan)",0,nan,0,"(nan, nan, nan)",0
855188151,818405651915,"(nan, nan)","(nan, nan, nan)",0,nan,0,"(nan, nan, nan)",0,"(nan, nan)","(nan, nan, nan)",0,nan,0,"(nan, nan, nan)",0
855203839,818405667604,"(nan, nan)","(nan, nan, nan)",0,nan,0,"(nan, nan, nan)",0,"(nan, nan)","(nan, nan, nan)",0,nan,0,"(nan, nan, nan)",0
855221431,818405685196,"(nan, nan)","(nan, nan, nan)",0,nan,0,"(nan, nan, nan)",0,"(nan, nan)","(nan, nan, nan)",0,nan,0,"(nan, nan, nan)",0
855238071,818405701836,"(nan, nan)","(nan, nan, nan)",0,nan,0,"(nan, nan, nan)",0,"(nan, nan)","(nan, nan, nan)",0,nan,0,"(nan, nan, nan)",0
855253759,818405717524,"(nan, nan)","(nan, nan, nan)",0,nan,0,"(nan, nan, nan)",0,"(nan, nan)","(nan, nan, nan)",0,nan,0,"(nan, nan, nan)",0
855271351,818405735117,"(nan, nan)","(nan, nan, nan)",0,nan,0,"(nan, nan, nan)",0,"(nan, nan)","(nan, nan, nan)",0,nan,0,"(nan, nan, nan)",0
855287991,818405751757,"(nan, nan)","(nan, nan, nan)",0,nan,0,"(nan, nan, nan)",0,"(nan, nan)","(nan, nan, nan)",0,nan,0,"(nan, nan, nan)",0
855303679,818405767445,"(nan, nan)","(nan, nan, nan)",0,nan,0,"(nan, nan, nan)",0,"(nan, nan)","(nan, nan, nan)",0,nan,0,"(nan, nan, nan)",0
855321271,818405785038,"(nan, nan)","(nan, nan, nan)",0,nan,0,"(nan, nan, nan)",0,"(nan, nan)","(nan, nan, nan)",0,nan,0,"(nan, nan, nan)",0
855337911,818405801678,"(nan, nan)","(nan, nan, nan)",0,nan,0,"(nan, nan, nan)",0,"(nan, nan)","(nan, nan, nan)",0,nan,0,"(nan, nan, nan)",0
855353599,818405817366,"(nan, nan)","(nan, nan, nan)",0,nan,0,"(nan, nan, nan)",0,"(nan, nan)","(nan, nan, nan)",0,nan,0,"(nan, nan, nan)",0
855371191,818405834958,"(nan, nan)","(nan, nan, nan)",0,nan,0,"(nan, nan, nan)",0,"(nan, nan)","(nan, nan, nan)",0,nan,0,"(nan, nan, nan)",0
855387831,818405851599,"(nan, nan)","(nan, nan, nan)",0,nan,0,"(nan, nan, nan)",0,"(nan, nan)","(nan, nan, nan)",0,nan,0,"(nan, nan, nan)",0
855403519,818405867287,"(nan, nan)","(nan, nan, nan)",0,nan,0,"(nan, nan, nan)",0,"(nan, nan)","(nan, nan, nan)",0,nan,0,"(nan, nan, nan)",0
855421111,818405884879,"(nan, nan)","(nan, nan, nan)",0,nan,0,"(nan, nan, nan)",0,"(nan, nan)","(nan, nan, nan)",0,nan,0,"(nan, nan, nan)",0
855437751,818405901519,"(nan, nan)","(nan, nan, nan)",0,nan,0,"(nan, nan, nan)",0,"(nan, nan)","(nan, nan, nan)",0,nan,0,"(nan, nan, nan)",0
855453439,818405917208,"(nan, nan)","(nan, nan, nan)",0,nan,0,"(nan, nan, nan)",0,"(nan, nan)","(nan, nan, nan)",0,nan,0,"(nan, nan, nan)",0
855471031,818405934800,"(nan, nan)","(nan, nan, nan)",0,nan,0,"(nan, nan, nan)",0,"(nan, nan)","(nan, nan, nan)",0,nan,0,"(nan, nan, nan)",0
855487671,818405951440,"(nan, nan)","(nan, nan, nan)",0,nan,0,"(nan, nan, nan)",0,"(nan, nan)","(nan, nan, nan)",0,nan,0,"(nan, nan, nan)",0
855503359,818405967129,"(nan, nan)","(nan, nan, nan)",0,nan,0,"(nan, nan, nan)",0,"(nan, nan)","(nan, nan, nan)",0,nan,0,"(nan, nan, nan)",0
855520951,818405984721,"(nan, nan)","(nan, nan, nan)",0,nan,0,"(nan, nan, nan)",0,"(nan, nan)","(nan, nan, nan)",0,nan,0,"(nan, nan, nan)",0
855537591,818406001361,"(nan, nan)","(nan, nan, nan)",0,nan,0,"(nan, nan, nan)",0,"(nan, nan)","(nan, nan, nan)",0,nan,0,"(nan, nan, nan)",0
855553279,818406017049,"(nan, nan)","(nan, nan, nan)",0,nan,0,"(nan, nan, nan)",0,"(nan, nan)","(nan, nan, nan)",0,nan,0,"(nan, nan, nan)",0
855570871,818406034642,"(nan, nan)","(nan, nan, nan)",0,nan,0,"(nan, nan, nan)",0,"(nan, nan)","(nan, nan, nan)",0,nan,0,"(nan, nan, nan)",0
855587511,818406051282,"(nan, nan)","(nan, nan, nan)",0,nan,0,"(nan, nan, nan)",0,"(nan, nan)","(nan, nan, nan)",0,nan,0,"(nan, nan, nan)",0
855603199,818406066970,"(nan, nan)","(nan, nan, nan)",0,nan,0,"(nan, nan, nan)",0,"(nan, nan)","(nan, nan, nan)",0,nan,0,"(nan, nan, nan)",0
855620791,818406084563,"(nan, nan)","(nan, nan, nan)",0,nan,0,"(nan, nan, nan)",0,"(nan, nan)","(nan, nan, nan)",0,nan,0,"(nan, nan, nan)",0
855637431,818406101203,"(nan, nan)","(nan, nan, nan)",0,nan,0,"(nan, nan, nan)",0,"(nan, nan)","(nan, nan, nan)",0,nan,0,"(nan, nan, nan)",0
855653119,818406116891,"(nan, nan)","(nan, nan, nan)",0,nan,0,"(nan, nan, nan)",0,"(nan, nan)","(nan, nan, nan)",0,nan,0,"(nan, nan, nan)",0
855670711,818406134483,"(nan, nan)","(nan, nan, nan)",0,nan,0,"(nan, nan, nan)",0,"(nan, nan)","(nan, nan, nan)",0,nan,0,"(nan, nan, nan)",0
855687351,818406151124,"(nan, nan)","(nan, nan, nan)",0,nan,0,"(nan, nan, nan)",0,"(nan, nan)","(nan, nan, nan)",0,nan,0,"(nan, nan, nan)",0
855703039,818406166812,"(nan, nan)","(nan, nan, nan)",0,nan,0,"(nan, nan, nan)",0,"(nan, nan)","(nan, nan, nan)",0,nan,0,"(nan, nan, nan)",0
855720631,818406184404,"(nan, nan)","(nan, nan, nan)",0,nan,0,"(nan, nan, nan)",0,"(nan, nan)","(nan, nan, nan)",0,nan,0,"(nan, nan, nan)",0
855737271,818406201044,"(nan, nan)","(nan, nan, nan)",0,nan,0,"(nan, nan, nan)",0,"(nan, nan)","(nan, nan, nan)",0,nan,0,"(nan, nan, nan)",0
855752959,818406216733,"(nan, nan)","(nan, nan, nan)",0,nan,0,"(nan, nan, nan)",0,"(nan, nan)","(nan, nan, nan)",0,nan,0,"(nan, nan, nan)",0
855770551,818406234325,"(nan, nan)","(nan, nan, nan)",0,nan,0,"(nan, nan, nan)",0,"(nan, nan)","(nan, nan, nan)",0,nan,0,"(nan, nan, nan)",0
855787191,818406250965,"(nan, nan)","(nan, nan, nan)",0,nan,0,"(nan, nan, nan)",0,"(nan, nan)","(nan, nan, nan)",0,nan,0,"(nan, nan, nan)",0
855802879,818406266654,"(nan, nan)","(nan, nan, nan)",0,nan,0,"(nan, nan, nan)",0,"(nan, nan)","(nan, nan, nan)",0,nan,0,"(nan, nan, nan)",0
855820471,818406284246,"(nan, nan)","(nan, nan, nan)",0,nan,0,"(nan, nan, nan)",0,"(nan, nan)","(nan, nan, nan)",0,nan,0,"(nan, nan, nan)",0
855837111,818406300886,"(nan, nan)","(nan, nan, nan)",0,nan,0,"(nan, nan, nan)",0,"(nan, nan)","(nan, nan, nan)",0,nan,0,"(nan, nan, nan)",0
855852799,818406316574,"(nan, nan)","(nan, nan, nan)",0,nan,0,"(nan, nan, nan)",0,"(nan, nan)","(nan, nan, nan)",0,nan,0,"(nan, nan, nan)",0
855870391,818406334167,"(nan, nan)","(nan, nan, nan)",0,nan,0,"(nan, nan, nan)",0,"(nan, nan)","(nan, nan, nan)",0,nan,0,"(nan, nan, nan)",0
855887031,818406350807,"(nan, nan)","(nan, nan, nan)",0,nan,0,"(nan, nan, nan)",0,"(nan, nan)","(nan, nan, nan)",0,nan,0,"(nan, nan, nan)",0
855902719,818406366495,"(nan, nan)","(nan, nan, nan)",0,nan,0,"(nan, nan, nan)",0,"(nan, nan)","(nan, nan, nan)",0,nan,0,"(nan, nan, nan)",0
855920311,818406384088,"(nan, nan)","(nan, nan, nan)",0,nan,0,"(nan, nan, nan)",0,"(nan, nan)","(nan, nan, nan)",0,nan,0,"(nan, nan, nan)",0
855936951,818406400728,"(nan, nan)","(nan, nan, nan)",0,nan,0,"(nan, nan, nan)",0,"(nan, nan)","(nan, nan, nan)",0,nan,0,"(nan, nan, nan)",0
855952639,818406416416,"(nan, nan)","(nan, nan, nan)",0,nan,0,"(nan, nan, nan)",0,"(nan, nan)","(nan, nan, nan)",0,nan,0,"(nan, nan, nan)",0
855970231,818406434008,"(nan, nan)","(nan, nan, nan)",0,nan,0,"(nan, nan, nan)",0,"(nan, nan)","(nan, nan, nan)",0,nan,0,"(nan, nan, nan)",0
855986871,818406450649,"(nan, nan)","(nan, nan, nan)",0,nan,0,"(nan, nan, nan)",0,"(nan, nan)","(nan, nan, nan)",0,nan,0,"(nan, nan, nan)",0
856002559,818406466337,"(nan, nan)","(nan, nan, nan)",0,nan,0,"(nan, nan, nan)",0,"(nan, nan)","(nan, nan, nan)",0,nan,0,"(nan, nan, nan)",0
856020151,818406483929,"(nan, nan)","(nan, nan, nan)",0,nan,0,"(nan, nan, nan)",0,"(nan, nan)","(nan, nan, nan)",0,nan,0,"(nan, nan, nan)",0
856036791,818406500570,"(nan, nan)","(nan, nan, nan)",0,nan,0,"(nan, nan, nan)",0,"(nan, nan)","(nan, nan, nan)",0,nan,0,"(nan, nan, nan)",0
856052479,818406516258,"(nan, nan)","(nan, nan, nan)",0,nan,0,"(nan, nan, nan)",0,"(nan, nan)","(nan, nan, nan)",0,nan,0,"(nan, nan, nan)",0
856070071,818406533850,"(nan, nan)","(nan, nan, nan)",0,nan,0,"(nan, nan, nan)",0,"(nan, nan)","(nan, nan, nan)",0,nan,0,"(nan, nan, nan)",0
856086711,818406550490,"(nan, nan)","(nan, nan, nan)",0,nan,0,"(nan, nan, nan)",0,"(nan, nan)","(nan, nan, nan)",0,nan,0,"(nan, nan, nan)",0
856102399,818406566179,"(nan, nan)","(nan, nan, nan)",0,nan,0,"(nan, nan, nan)",0,"(nan, nan)","(nan, nan, nan)",0,nan,0,"(nan, nan, nan)",0
856119991,818406583771,"(nan, nan)","(nan, nan, nan)",0,nan,0,"(nan, nan, nan)",0,"(nan, nan)","(nan, nan, nan)",0,nan,0,"(nan, nan, nan)",0
856136631,818406600411,"(nan, nan)","(nan, nan, nan)",0,nan,0,"(nan, nan, nan)",0,"(nan, nan)","(nan, nan, nan)",0,nan,0,"(nan, nan, nan)",0
856152319,818406616099,"(nan, nan)","(nan, nan, nan)",0,nan,0,"(nan, nan, nan)",0,"(nan, nan)","(nan, nan, nan)",0,nan,0,"(nan, nan, nan)",0
856169911,818406633692,"(nan, nan)","(nan, nan, nan)",0,nan,0,"(nan, nan, nan)",0,"(nan, nan)","(nan, nan, nan)",0,nan,0,"(nan, nan, nan)",0
856186551,818406650332,"(nan, nan)","(nan, nan, nan)",0,nan,0,"(nan, nan, nan)",0,"(nan, nan)","(nan, nan, nan)",0,nan,0,"(nan, nan, nan)",0
856202239,818406666020,"(nan, nan)","(nan, nan, nan)",0,nan,0,"(nan, nan, nan)",0,"(nan, nan)","(nan, nan, nan)",0,nan,0,"(nan, nan, nan)",0
856219831,818406683613,"(nan, nan)","(nan, nan, nan)",0,nan,0,"(nan, nan, nan)",0,"(nan, nan)","(nan, nan, nan)",0,nan,0,"(nan, nan, nan)",0
856236471,818406700253,"(nan, nan)","(nan, nan, nan)",0,nan,0,"(nan, nan, nan)",0,"(nan, nan)","(nan, nan, nan)",0,nan,0,"(nan, nan, nan)",0
856252159,818406715941,"(nan, nan)","(nan, nan, nan)",0,nan,0,"(nan, nan, nan)",0,"(nan, nan)","(nan, nan, nan)",0,nan,0,"(nan, nan, nan)",0
856269751,818406733533,"(nan, nan)","(nan, nan, nan)",0,nan,0,"(nan, nan, nan)",0,"(nan, nan)","(nan, nan, nan)",0,nan,0,"(nan, nan, nan)",0
856286391,818406750174,"(nan, nan)","(nan, nan, nan)",0,nan,0,"(nan, nan, nan)",0,"(nan, nan)","(nan, nan, nan)",0,nan,0,"(nan, nan, nan)",0
856302079,818406765862,"(nan, nan)","(nan, nan, nan)",0,nan,0,"(nan, nan, nan)",0,"(nan, nan)","(nan, nan, nan)",0,nan,0,"(nan, nan, nan)",0
856319671,818406783454,"(nan, nan)","(nan, nan, nan)",0,nan,0,"(nan, nan, nan)",0,"(nan, nan)","(nan, nan, nan)",0,nan,0,"(nan, nan, nan)",0
856336311,818406800095,"(nan, nan)","(nan, nan, nan)",0,nan,0,"(nan, nan, nan)",0,"(nan, nan)","(nan, nan, nan)",0,nan,0,"(nan, nan, nan)",0
856351999,818406815783,"(nan, nan)","(nan, nan, nan)",0,nan,0,"(nan, nan, nan)",0,"(nan, nan)","(nan, nan, nan)",0,nan,0,"(nan, nan, nan)",0
856369591,818406833375,"(nan, nan)","(nan, nan, nan)",0,nan,0,"(nan, nan, nan)",0,"(nan, nan)","(nan, nan, nan)",0,nan,0,"(nan, nan, nan)",0
856386231,818406850015,"(nan, nan)","(nan, nan, nan)",0,nan,0,"(nan, nan, nan)",0,"(nan, nan)","(nan, nan, nan)",0,nan,0,"(nan, nan, nan)",0
856401919,818406865704,"(nan, nan)","(nan, nan, nan)",0,nan,0,"(nan, nan, nan)",0,"(nan, nan)","(nan, nan, nan)",0,nan,0,"(nan, nan, nan)",0
856419511,818406883296,"(nan, nan)","(nan, nan, nan)",0,nan,0,"(nan, nan, nan)",0,"(nan, nan)","(nan, nan, nan)",0,nan,0,"(nan, nan, nan)",0
856436151,818406899936,"(nan, nan)","(nan, nan, nan)",0,nan,0,"(nan, nan, nan)",0,"(nan, nan)","(nan, nan, nan)",0,nan,0,"(nan, nan, nan)",0
856451839,818406915624,"(nan, nan)","(nan, nan, nan)",0,nan,0,"(nan, nan, nan)",0,"(nan, nan)","(nan, nan, nan)",0,nan,0,"(nan, nan, nan)",0
856469431,818406933217,"(nan, nan)","(nan, nan, nan)",0,nan,0,"(nan, nan, nan)",0,"(nan, nan)","(nan, nan, nan)",0,nan,0,"(nan, nan, nan)",0
856486071,818406949857,"(nan, nan)","(nan, nan, nan)",0,nan,0,"(nan, nan, nan)",0,"(nan, nan)","(nan, nan, nan)",0,nan,0,"(nan, nan, nan)",0
856501759,818406965545,"(nan, nan)","(nan, nan, nan)",0,nan,0,"(nan, nan, nan)",0,"(nan, nan)","(nan, nan, nan)",0,nan,0,"(nan, nan, nan)",0
856519351,818406983138,"(nan, nan)","(nan, nan, nan)",0,nan,0,"(nan, nan, nan)",0,"(nan, nan)","(nan, nan, nan)",0,nan,0,"(nan, nan, nan)",0
856535991,818406999778,"(nan, nan)","(nan, nan, nan)",0,nan,0,"(nan, nan, nan)",0,"(nan, nan)","(nan, nan, nan)",0,nan,0,"(nan, nan, nan)",0
856551679,818407015466,"(nan, nan)","(nan, nan, nan)",0,nan,0,"(nan, nan, nan)",0,"(nan, nan)","(nan, nan, nan)",0,nan,0,"(nan, nan, nan)",0
856569271,818407033058,"(nan, nan)","(nan, nan, nan)",0,nan,0,"(nan, nan, nan)",0,"(nan, nan)","(nan, nan, nan)",0,nan,0,"(nan, nan, nan)",0
856585911,818407049699,"(nan, nan)","(nan, nan, nan)",0,nan,0,"(nan, nan, nan)",0,"(nan, nan)","(nan, nan, nan)",0,nan,0,"(nan, nan, nan)",0
856601592,818407065380,"(nan, nan)","(nan, nan, nan)",0,nan,0,"(nan, nan, nan)",0,"(nan, nan)","(nan, nan, nan)",0,nan,0,"(nan, nan, nan)",0
856619191,818407082979,"(nan, nan)","(nan, nan, nan)",0,nan,0,"(nan, nan, nan)",0,"(nan, nan)","(nan, nan, nan)",0,nan,0,"(nan, nan, nan)",0
856635831,818407099620,"(nan, nan)","(nan, nan, nan)",0,nan,0,"(nan, nan, nan)",0,"(nan, nan)","(nan, nan, nan)",0,nan,0,"(nan, nan, nan)",0
856651519,818407115308,"(nan, nan)","(nan, nan, nan)",0,nan,0,"(nan, nan, nan)",0,"(nan, nan)","(nan, nan, nan)",0,nan,0,"(nan, nan, nan)",0
856669111,818407132900,"(nan, nan)","(nan, nan, nan)",0,nan,0,"(nan, nan, nan)",0,"(nan, nan)","(nan, nan, nan)",0,nan,0,"(nan, nan, nan)",0
856685751,818407149540,"(nan, nan)","(nan, nan, nan)",0,nan,0,"(nan, nan, nan)",0,"(nan, nan)","(nan, nan, nan)",0,nan,0,"(nan, nan, nan)",0
856701445,818407165235,"(nan, nan)","(nan, nan, nan)",0,nan,0,"(nan, nan, nan)",0,"(nan, nan)","(nan, nan, nan)",0,nan,0,"(nan, nan, nan)",0
856719031,818407182821,"(nan, nan)","(nan, nan, nan)",0,nan,0,"(nan, nan, nan)",0,"(nan, nan)","(nan, nan, nan)",0,nan,0,"(nan, nan, nan)",0
856735671,818407199461,"(nan, nan)","(nan, nan, nan)",0,nan,0,"(nan, nan, nan)",0,"(nan, nan)","(nan, nan, nan)",0,nan,0,"(nan, nan, nan)",0
856751359,818407215149,"(nan, nan)","(nan, nan, nan)",0,nan,0,"(nan, nan, nan)",0,"(nan, nan)","(nan, nan, nan)",0,nan,0,"(nan, nan, nan)",0
856768951,818407232742,"(nan, nan)","(nan, nan, nan)",0,nan,0,"(nan, nan, nan)",0,"(nan, nan)","(nan, nan, nan)",0,nan,0,"(nan, nan, nan)",0
856785591,818407249382,"(nan, nan)","(nan, nan, nan)",0,nan,0,"(nan, nan, nan)",0,"(nan, nan)","(nan, nan, nan)",0,nan,0,"(nan, nan, nan)",0
856801272,818407265063,"(nan, nan)","(nan, nan, nan)",0,nan,0,"(nan, nan, nan)",0,"(nan, nan)","(nan, nan, nan)",0,nan,0,"(nan, nan, nan)",0
856818871,818407282663,"(nan, nan)","(nan, nan, nan)",0,nan,0,"(nan, nan, nan)",0,"(nan, nan)","(nan, nan, nan)",0,nan,0,"(nan, nan, nan)",0
856835511,818407299303,"(nan, nan)","(nan, nan, nan)",0,nan,0,"(nan, nan, nan)",0,"(nan, nan)","(nan, nan, nan)",0,nan,0,"(nan, nan, nan)",0
856851192,818407314984,"(nan, nan)","(nan, nan, nan)",0,nan,0,"(nan, nan, nan)",0,"(nan, nan)","(nan, nan, nan)",0,nan,0,"(nan, nan, nan)",0
856868791,818407332583,"(nan, nan)","(nan, nan, nan)",0,nan,0,"(nan, nan, nan)",0,"(nan, nan)","(nan, nan, nan)",0,nan,0,"(nan, nan, nan)",0
856885431,818407349224,"(nan, nan)","(nan, nan, nan)",0,nan,0,"(nan, nan, nan)",0,"(nan, nan)","(nan, nan, nan)",0,nan,0,"(nan, nan, nan)",0
856901112,818407364905,"(nan, nan)","(nan, nan, nan)",0,nan,0,"(nan, nan, nan)",0,"(nan, nan)","(nan, nan, nan)",0,nan,0,"(nan, nan, nan)",0
856918711,818407382504,"(nan, nan)","(nan, nan, nan)",0,nan,0,"(nan, nan, nan)",0,"(nan, nan)","(nan, nan, nan)",0,nan,0,"(nan, nan, nan)",0
856935351,818407399145,"(nan, nan)","(nan, nan, nan)",0,nan,0,"(nan, nan, nan)",0,"(nan, nan)","(nan, nan, nan)",0,nan,0,"(nan, nan, nan)",0
856951032,818407414826,"(nan, nan)","(nan, nan, nan)",0,nan,0,"(nan, nan, nan)",0,"(nan, nan)","(nan, nan, nan)",0,nan,0,"(nan, nan, nan)",0
856968631,818407432425,"(nan, nan)","(nan, nan, nan)",0,nan,0,"(nan, nan, nan)",0,"(nan, nan)","(nan, nan, nan)",0,nan,0,"(nan, nan, nan)",0
856985271,818407449065,"(nan, nan)","(nan, nan, nan)",0,nan,0,"(nan, nan, nan)",0,"(nan, nan)","(nan, nan, nan)",0,nan,0,"(nan, nan, nan)",0
857000959,818407464754,"(nan, nan)","(nan, nan, nan)",0,nan,0,"(nan, nan, nan)",0,"(nan, nan)","(nan, nan, nan)",0,nan,0,"(nan, nan, nan)",0
857018551,818407482346,"(nan, nan)","(nan, nan, nan)",0,nan,0,"(nan, nan, nan)",0,"(nan, nan)","(nan, nan, nan)",0,nan,0,"(nan, nan, nan)",0
857035191,818407498986,"(nan, nan)","(nan, nan, nan)",0,nan,0,"(nan, nan, nan)",0,"(nan, nan)","(nan, nan, nan)",0,nan,0,"(nan, nan, nan)",0
857050879,818407514675,"(nan, nan)","(nan, nan, nan)",0,nan,0,"(nan, nan, nan)",0,"(nan, nan)","(nan, nan, nan)",0,nan,0,"(nan, nan, nan)",0
857106836,818407570632,"(nan, nan)","(nan, nan, nan)",0,nan,0,"(nan, nan, nan)",0,"(nan, nan)","(nan, nan, nan)",0,nan,0,"(nan, nan, nan)",0
857137999,818407601796,"(nan, nan)","(nan, nan, nan)",0,nan,0,"(nan, nan, nan)",0,"(nan, nan)","(nan, nan, nan)",0,nan,0,"(nan, nan, nan)",0
857155594,818407619391,"(nan, nan)","(nan, nan, nan)",0,nan,0,"(nan, nan, nan)",0,"(nan, nan)","(nan, nan, nan)",0,nan,0,"(nan, nan, nan)",0
857194739,818407658537,"(nan, nan)","(nan, nan, nan)",0,nan,0,"(nan, nan, nan)",0,"(nan, nan)","(nan, nan, nan)",0,nan,0,"(nan, nan, nan)",0
857225997,818407689795,"(nan, nan)","(nan, nan, nan)",0,nan,0,"(nan, nan, nan)",0,"(nan, nan)","(nan, nan, nan)",0,nan,0,"(nan, nan, nan)",0
857243582,818407707381,"(nan, nan)","(nan, nan, nan)",0,nan,0,"(nan, nan, nan)",0,"(nan, nan)","(nan, nan, nan)",0,nan,0,"(nan, nan, nan)",0
857282646,818407746445,"(nan, nan)","(nan, nan, nan)",0,nan,0,"(nan, nan, nan)",0,"(nan, nan)","(nan, nan, nan)",0,nan,0,"(nan, nan, nan)",0
857313997,818407777797,"(nan, nan)","(nan, nan, nan)",0,nan,0,"(nan, nan, nan)",0,"(nan, nan)","(nan, nan, nan)",0,nan,0,"(nan, nan, nan)",0
857331583,818407795383,"(nan, nan)","(nan, nan, nan)",0,nan,0,"(nan, nan, nan)",0,"(nan, nan)","(nan, nan, nan)",0,nan,0,"(nan, nan, nan)",0
857348219,818407812020,"(nan, nan)","(nan, nan, nan)",0,nan,0,"(nan, nan, nan)",0,"(nan, nan)","(nan, nan, nan)",0,nan,0,"(nan, nan, nan)",0
857370411,818407834212,"(nan, nan)","(nan, nan, nan)",0,nan,0,"(nan, nan, nan)",0,"(nan, nan)","(nan, nan, nan)",0,nan,0,"(nan, nan, nan)",0
857401994,818407865795,"(nan, nan)","(nan, nan, nan)",0,nan,0,"(nan, nan, nan)",0,"(nan, nan)","(nan, nan, nan)",0,nan,0,"(nan, nan, nan)",0
857419580,818407883382,"(nan, nan)","(nan, nan, nan)",0,nan,0,"(nan, nan, nan)",0,"(nan, nan)","(nan, nan, nan)",0,nan,0,"(nan, nan, nan)",0
857436262,818407900064,"(nan, nan)","(nan, nan, nan)",0,nan,0,"(nan, nan, nan)",0,"(nan, nan)","(nan, nan, nan)",0,nan,0,"(nan, nan, nan)",0
857458739,818407922541,"(nan, nan)","(nan, nan, nan)",0,nan,0,"(nan, nan, nan)",0,"(nan, nan)","(nan, nan, nan)",0,nan,0,"(nan, nan, nan)",0
857489997,818407953800,"(nan, nan)","(nan, nan, nan)",0,nan,0,"(nan, nan, nan)",0,"(nan, nan)","(nan, nan, nan)",0,nan,0,"(nan, nan, nan)",0
857507583,818407971386,"(nan, nan)","(nan, nan, nan)",0,nan,0,"(nan, nan, nan)",0,"(nan, nan)","(nan, nan, nan)",0,nan,0,"(nan, nan, nan)",0
857524213,818407988016,"(nan, nan)","(nan, nan, nan)",0,nan,0,"(nan, nan, nan)",0,"(nan, nan)","(nan, nan, nan)",0,nan,0,"(nan, nan, nan)",0
857546740,818408010544,"(nan, nan)","(nan, nan, nan)",0,nan,0,"(nan, nan, nan)",0,"(nan, nan)","(nan, nan, nan)",0,nan,0,"(nan, nan, nan)",0
857577996,818408041800,"(nan, nan)","(nan, nan, nan)",0,nan,0,"(nan, nan, nan)",0,"(nan, nan)","(nan, nan, nan)",0,nan,0,"(nan, nan, nan)",0
857595582,818408059387,"(nan, nan)","(nan, nan, nan)",0,nan,0,"(nan, nan, nan)",0,"(nan, nan)","(nan, nan, nan)",0,nan,0,"(nan, nan, nan)",0
857612258,818408076063,"(nan, nan)","(nan, nan, nan)",0,nan,0,"(nan, nan, nan)",0,"(nan, nan)","(nan, nan, nan)",0,nan,0,"(nan, nan, nan)",0
857634773,818408098578,"(nan, nan)","(nan, nan, nan)",0,nan,0,"(nan, nan, nan)",0,"(nan, nan)","(nan, nan, nan)",0,nan,0,"(nan, nan, nan)",0
